bundle_id,genre_id,genre_count
1034,718bcd60-1797-491f-817c-e05572f82b53,2
951,58efd4d9-0a5b-4f0c-9d5a-0dd7808ef575,5
419,85c0ac04-9f32-4996-8a0f-c98803bedbd7,1
565,7d0a9262-cf64-4af1-a674-d4e8948d8122,5
1204,7d0a9262-cf64-4af1-a674-d4e8948d8122,3
464,718bcd60-1797-491f-817c-e05572f82b53,5
667,ff34ceef-0597-4b3e-abb0-95faf96df93e,1
322,098dc937-a359-44c8-a5a6-9383d68d06d1,1
1482,718bcd60-1797-491f-817c-e05572f82b53,1
799,ff34ceef-0597-4b3e-abb0-95faf96df93e,1
536,58efd4d9-0a5b-4f0c-9d5a-0dd7808ef575,1
435,7d0a9262-cf64-4af1-a674-d4e8948d8122,1
1150,7d0a9262-cf64-4af1-a674-d4e8948d8122,1
501,7d0a9262-cf64-4af1-a674-d4e8948d8122,4
365,1e23ced5-f640-4457-bf0b-643f46c758e1,2
356,85c0ac04-9f32-4996-8a0f-c98803bedbd7,14
503,718bcd60-1797-491f-817c-e05572f82b53,1
251,21bd5fa6-7c23-4270-b87e-af04e419f079,1
1017,7d0a9262-cf64-4af1-a674-d4e8948d8122,2
616,718bcd60-1797-491f-817c-e05572f82b53,1
1284,ff34ceef-0597-4b3e-abb0-95faf96df93e,1
460,1e23ced5-f640-4457-bf0b-643f46c758e1,2
1052,85c0ac04-9f32-4996-8a0f-c98803bedbd7,2
1267,1e23ced5-f640-4457-bf0b-643f46c758e1,1
339,1e23ced5-f640-4457-bf0b-643f46c758e1,6
495,7d0a9262-cf64-4af1-a674-d4e8948d8122,1
474,85c0ac04-9f32-4996-8a0f-c98803bedbd7,2
1008,85c0ac04-9f32-4996-8a0f-c98803bedbd7,2
339,718bcd60-1797-491f-817c-e05572f82b53,6
505,ff34ceef-0597-4b3e-abb0-95faf96df93e,2
1226,ff34ceef-0597-4b3e-abb0-95faf96df93e,1
332,21bd5fa6-7c23-4270-b87e-af04e419f079,2
505,718bcd60-1797-491f-817c-e05572f82b53,2
542,ff34ceef-0597-4b3e-abb0-95faf96df93e,1
704,7d0a9262-cf64-4af1-a674-d4e8948d8122,3
955,7d0a9262-cf64-4af1-a674-d4e8948d8122,7
565,718bcd60-1797-491f-817c-e05572f82b53,2
957,7d0a9262-cf64-4af1-a674-d4e8948d8122,5
581,718bcd60-1797-491f-817c-e05572f82b53,1
616,ff34ceef-0597-4b3e-abb0-95faf96df93e,1
519,85c0ac04-9f32-4996-8a0f-c98803bedbd7,1
1103,718bcd60-1797-491f-817c-e05572f82b53,1
1231,7d0a9262-cf64-4af1-a674-d4e8948d8122,1
333,0035d25e-7ca9-4862-8169-647a923b96df,1
425,ff34ceef-0597-4b3e-abb0-95faf96df93e,2
350,7d0a9262-cf64-4af1-a674-d4e8948d8122,1
1222,718bcd60-1797-491f-817c-e05572f82b53,2
1151,85c0ac04-9f32-4996-8a0f-c98803bedbd7,1
292,718bcd60-1797-491f-817c-e05572f82b53,1
503,7d0a9262-cf64-4af1-a674-d4e8948d8122,2
810,718bcd60-1797-491f-817c-e05572f82b53,1
946,718bcd60-1797-491f-817c-e05572f82b53,1
472,ff34ceef-0597-4b3e-abb0-95faf96df93e,1
321,26588482-88c2-4cb5-b7c8-305120273980,1
526,21bd5fa6-7c23-4270-b87e-af04e419f079,1
1194,7d0a9262-cf64-4af1-a674-d4e8948d8122,2
845,3a36f60e-49ee-496e-8e85-995918d55f4e,2
275,7d0a9262-cf64-4af1-a674-d4e8948d8122,1
462,58efd4d9-0a5b-4f0c-9d5a-0dd7808ef575,3
509,7d0a9262-cf64-4af1-a674-d4e8948d8122,1
941,7d0a9262-cf64-4af1-a674-d4e8948d8122,1
552,85c0ac04-9f32-4996-8a0f-c98803bedbd7,1
279,ff34ceef-0597-4b3e-abb0-95faf96df93e,3
1339,85c0ac04-9f32-4996-8a0f-c98803bedbd7,1
322,fbbd43a4-2e74-4a42-8758-0209b183951d,1
462,21bd5fa6-7c23-4270-b87e-af04e419f079,1
810,21bd5fa6-7c23-4270-b87e-af04e419f079,1
436,21bd5fa6-7c23-4270-b87e-af04e419f079,1
1401,85c0ac04-9f32-4996-8a0f-c98803bedbd7,1
321,fbbd43a4-2e74-4a42-8758-0209b183951d,1
680,7d0a9262-cf64-4af1-a674-d4e8948d8122,2
580,85c0ac04-9f32-4996-8a0f-c98803bedbd7,4
747,85c0ac04-9f32-4996-8a0f-c98803bedbd7,2
459,7d0a9262-cf64-4af1-a674-d4e8948d8122,2
762,1e23ced5-f640-4457-bf0b-643f46c758e1,2
949,ff34ceef-0597-4b3e-abb0-95faf96df93e,1
244,1e23ced5-f640-4457-bf0b-643f46c758e1,1
809,85c0ac04-9f32-4996-8a0f-c98803bedbd7,1
346,ff34ceef-0597-4b3e-abb0-95faf96df93e,1
377,3a36f60e-49ee-496e-8e85-995918d55f4e,3
929,7d0a9262-cf64-4af1-a674-d4e8948d8122,2
1209,85c0ac04-9f32-4996-8a0f-c98803bedbd7,1
260,85c0ac04-9f32-4996-8a0f-c98803bedbd7,2
586,ff34ceef-0597-4b3e-abb0-95faf96df93e,6
824,1e23ced5-f640-4457-bf0b-643f46c758e1,4
824,7d0a9262-cf64-4af1-a674-d4e8948d8122,4
1053,718bcd60-1797-491f-817c-e05572f82b53,5
312,718bcd60-1797-491f-817c-e05572f82b53,1
920,7d0a9262-cf64-4af1-a674-d4e8948d8122,2
995,85c0ac04-9f32-4996-8a0f-c98803bedbd7,1
335,1e23ced5-f640-4457-bf0b-643f46c758e1,2
728,1e23ced5-f640-4457-bf0b-643f46c758e1,2
366,85c0ac04-9f32-4996-8a0f-c98803bedbd7,1
1085,7d0a9262-cf64-4af1-a674-d4e8948d8122,2
241,718bcd60-1797-491f-817c-e05572f82b53,1
413,58efd4d9-0a5b-4f0c-9d5a-0dd7808ef575,1
977,ff34ceef-0597-4b3e-abb0-95faf96df93e,1
569,5bc7529f-715e-40df-8957-00d9331fbe24,1
473,7d0a9262-cf64-4af1-a674-d4e8948d8122,3
337,85c0ac04-9f32-4996-8a0f-c98803bedbd7,1
914,ff34ceef-0597-4b3e-abb0-95faf96df93e,1
770,1e23ced5-f640-4457-bf0b-643f46c758e1,29
1289,ff34ceef-0597-4b3e-abb0-95faf96df93e,1
257,85c0ac04-9f32-4996-8a0f-c98803bedbd7,3
825,ff34ceef-0597-4b3e-abb0-95faf96df93e,3
1340,1e23ced5-f640-4457-bf0b-643f46c758e1,1
1003,3a0b3916-5cd7-4d1b-8962-79270ec3b670,1
594,718bcd60-1797-491f-817c-e05572f82b53,2
687,7d0a9262-cf64-4af1-a674-d4e8948d8122,1
474,718bcd60-1797-491f-817c-e05572f82b53,2
1052,718bcd60-1797-491f-817c-e05572f82b53,2
428,1e23ced5-f640-4457-bf0b-643f46c758e1,2
560,718bcd60-1797-491f-817c-e05572f82b53,2
854,1e23ced5-f640-4457-bf0b-643f46c758e1,1
749,718bcd60-1797-491f-817c-e05572f82b53,4
687,718bcd60-1797-491f-817c-e05572f82b53,1
949,718bcd60-1797-491f-817c-e05572f82b53,2
569,85c0ac04-9f32-4996-8a0f-c98803bedbd7,2
264,85c0ac04-9f32-4996-8a0f-c98803bedbd7,1
379,58efd4d9-0a5b-4f0c-9d5a-0dd7808ef575,2
355,3a36f60e-49ee-496e-8e85-995918d55f4e,3
868,718bcd60-1797-491f-817c-e05572f82b53,1
810,85c0ac04-9f32-4996-8a0f-c98803bedbd7,1
1207,5bc7529f-715e-40df-8957-00d9331fbe24,2
484,7d0a9262-cf64-4af1-a674-d4e8948d8122,2
464,7d0a9262-cf64-4af1-a674-d4e8948d8122,6
1196,718bcd60-1797-491f-817c-e05572f82b53,1
1372,85c0ac04-9f32-4996-8a0f-c98803bedbd7,1
580,7d0a9262-cf64-4af1-a674-d4e8948d8122,9
746,7d0a9262-cf64-4af1-a674-d4e8948d8122,7
780,7d0a9262-cf64-4af1-a674-d4e8948d8122,2
511,718bcd60-1797-491f-817c-e05572f82b53,2
690,7d0a9262-cf64-4af1-a674-d4e8948d8122,3
225,ff34ceef-0597-4b3e-abb0-95faf96df93e,9
413,ff34ceef-0597-4b3e-abb0-95faf96df93e,2
420,85c0ac04-9f32-4996-8a0f-c98803bedbd7,2
746,21bd5fa6-7c23-4270-b87e-af04e419f079,3
663,718bcd60-1797-491f-817c-e05572f82b53,4
261,85c0ac04-9f32-4996-8a0f-c98803bedbd7,5
667,7d0a9262-cf64-4af1-a674-d4e8948d8122,1
580,21bd5fa6-7c23-4270-b87e-af04e419f079,2
893,7d0a9262-cf64-4af1-a674-d4e8948d8122,2
656,ff34ceef-0597-4b3e-abb0-95faf96df93e,1
772,7d0a9262-cf64-4af1-a674-d4e8948d8122,10
261,718bcd60-1797-491f-817c-e05572f82b53,5
984,1e23ced5-f640-4457-bf0b-643f46c758e1,1
364,7d0a9262-cf64-4af1-a674-d4e8948d8122,3
243,718bcd60-1797-491f-817c-e05572f82b53,1
479,7d0a9262-cf64-4af1-a674-d4e8948d8122,2
1191,718bcd60-1797-491f-817c-e05572f82b53,1
852,7d0a9262-cf64-4af1-a674-d4e8948d8122,7
580,58efd4d9-0a5b-4f0c-9d5a-0dd7808ef575,1
610,7d0a9262-cf64-4af1-a674-d4e8948d8122,2
631,85c0ac04-9f32-4996-8a0f-c98803bedbd7,1
580,718bcd60-1797-491f-817c-e05572f82b53,4
1033,7d0a9262-cf64-4af1-a674-d4e8948d8122,1
903,718bcd60-1797-491f-817c-e05572f82b53,1
340,7d0a9262-cf64-4af1-a674-d4e8948d8122,1
956,718bcd60-1797-491f-817c-e05572f82b53,6
332,7d0a9262-cf64-4af1-a674-d4e8948d8122,2
321,3a0b3916-5cd7-4d1b-8962-79270ec3b670,1
345,85c0ac04-9f32-4996-8a0f-c98803bedbd7,1
340,ff34ceef-0597-4b3e-abb0-95faf96df93e,1
778,ff34ceef-0597-4b3e-abb0-95faf96df93e,3
469,7d0a9262-cf64-4af1-a674-d4e8948d8122,6
1356,1e23ced5-f640-4457-bf0b-643f46c758e1,2
983,85c0ac04-9f32-4996-8a0f-c98803bedbd7,2
768,7d0a9262-cf64-4af1-a674-d4e8948d8122,7
395,58efd4d9-0a5b-4f0c-9d5a-0dd7808ef575,4
1385,21bd5fa6-7c23-4270-b87e-af04e419f079,1
429,85c0ac04-9f32-4996-8a0f-c98803bedbd7,1
436,85c0ac04-9f32-4996-8a0f-c98803bedbd7,4
580,ff34ceef-0597-4b3e-abb0-95faf96df93e,7
769,7d0a9262-cf64-4af1-a674-d4e8948d8122,2
877,7d0a9262-cf64-4af1-a674-d4e8948d8122,4
1183,85c0ac04-9f32-4996-8a0f-c98803bedbd7,1
421,85c0ac04-9f32-4996-8a0f-c98803bedbd7,2
653,718bcd60-1797-491f-817c-e05572f82b53,1
514,7d0a9262-cf64-4af1-a674-d4e8948d8122,2
1011,85c0ac04-9f32-4996-8a0f-c98803bedbd7,2
569,1e23ced5-f640-4457-bf0b-643f46c758e1,3
837,58efd4d9-0a5b-4f0c-9d5a-0dd7808ef575,1
1005,7d0a9262-cf64-4af1-a674-d4e8948d8122,1
435,ff34ceef-0597-4b3e-abb0-95faf96df93e,1
852,21bd5fa6-7c23-4270-b87e-af04e419f079,1
459,58efd4d9-0a5b-4f0c-9d5a-0dd7808ef575,1
776,7d0a9262-cf64-4af1-a674-d4e8948d8122,3
813,58efd4d9-0a5b-4f0c-9d5a-0dd7808ef575,6
955,1e23ced5-f640-4457-bf0b-643f46c758e1,1
509,5bc7529f-715e-40df-8957-00d9331fbe24,1
443,21bd5fa6-7c23-4270-b87e-af04e419f079,1
334,58efd4d9-0a5b-4f0c-9d5a-0dd7808ef575,1
460,3a36f60e-49ee-496e-8e85-995918d55f4e,1
426,58efd4d9-0a5b-4f0c-9d5a-0dd7808ef575,7
322,3a0b3916-5cd7-4d1b-8962-79270ec3b670,1
729,718bcd60-1797-491f-817c-e05572f82b53,4
850,7d0a9262-cf64-4af1-a674-d4e8948d8122,1
341,718bcd60-1797-491f-817c-e05572f82b53,1
825,c18ba94a-998a-40c6-a3c6-71390cb3f67c,1
650,718bcd60-1797-491f-817c-e05572f82b53,1
752,ff34ceef-0597-4b3e-abb0-95faf96df93e,4
954,718bcd60-1797-491f-817c-e05572f82b53,3
1293,85c0ac04-9f32-4996-8a0f-c98803bedbd7,6
680,ff34ceef-0597-4b3e-abb0-95faf96df93e,1
1146,58efd4d9-0a5b-4f0c-9d5a-0dd7808ef575,2
972,58efd4d9-0a5b-4f0c-9d5a-0dd7808ef575,1
771,7d0a9262-cf64-4af1-a674-d4e8948d8122,1
663,58efd4d9-0a5b-4f0c-9d5a-0dd7808ef575,1
799,85c0ac04-9f32-4996-8a0f-c98803bedbd7,2
1007,718bcd60-1797-491f-817c-e05572f82b53,1
461,7d0a9262-cf64-4af1-a674-d4e8948d8122,5
395,1e23ced5-f640-4457-bf0b-643f46c758e1,1
634,21bd5fa6-7c23-4270-b87e-af04e419f079,1
728,7d0a9262-cf64-4af1-a674-d4e8948d8122,9
1339,7d0a9262-cf64-4af1-a674-d4e8948d8122,1
540,718bcd60-1797-491f-817c-e05572f82b53,2
1008,718bcd60-1797-491f-817c-e05572f82b53,1
622,1e23ced5-f640-4457-bf0b-643f46c758e1,2
268,58efd4d9-0a5b-4f0c-9d5a-0dd7808ef575,5
436,7d0a9262-cf64-4af1-a674-d4e8948d8122,4
241,85c0ac04-9f32-4996-8a0f-c98803bedbd7,1
376,0035d25e-7ca9-4862-8169-647a923b96df,5
1100,85c0ac04-9f32-4996-8a0f-c98803bedbd7,1
256,1e23ced5-f640-4457-bf0b-643f46c758e1,1
430,c18ba94a-998a-40c6-a3c6-71390cb3f67c,1
169,7d0a9262-cf64-4af1-a674-d4e8948d8122,2
1336,58efd4d9-0a5b-4f0c-9d5a-0dd7808ef575,1
403,85c0ac04-9f32-4996-8a0f-c98803bedbd7,8
1206,ff34ceef-0597-4b3e-abb0-95faf96df93e,1
1116,7d0a9262-cf64-4af1-a674-d4e8948d8122,4
437,718bcd60-1797-491f-817c-e05572f82b53,1
1355,21bd5fa6-7c23-4270-b87e-af04e419f079,1
342,26588482-88c2-4cb5-b7c8-305120273980,1
1132,ff34ceef-0597-4b3e-abb0-95faf96df93e,1
1385,7d0a9262-cf64-4af1-a674-d4e8948d8122,2
668,ff34ceef-0597-4b3e-abb0-95faf96df93e,1
836,1e23ced5-f640-4457-bf0b-643f46c758e1,1
597,85c0ac04-9f32-4996-8a0f-c98803bedbd7,1
1219,7d0a9262-cf64-4af1-a674-d4e8948d8122,2
424,ff34ceef-0597-4b3e-abb0-95faf96df93e,1
399,718bcd60-1797-491f-817c-e05572f82b53,3
347,1e23ced5-f640-4457-bf0b-643f46c758e1,4
480,85c0ac04-9f32-4996-8a0f-c98803bedbd7,3
1007,7d0a9262-cf64-4af1-a674-d4e8948d8122,2
1021,ff34ceef-0597-4b3e-abb0-95faf96df93e,4
1011,7d0a9262-cf64-4af1-a674-d4e8948d8122,2
273,85c0ac04-9f32-4996-8a0f-c98803bedbd7,1
297,ff34ceef-0597-4b3e-abb0-95faf96df93e,2
484,58efd4d9-0a5b-4f0c-9d5a-0dd7808ef575,2
1250,85c0ac04-9f32-4996-8a0f-c98803bedbd7,2
309,7d0a9262-cf64-4af1-a674-d4e8948d8122,1
1024,c18ba94a-998a-40c6-a3c6-71390cb3f67c,1
432,85c0ac04-9f32-4996-8a0f-c98803bedbd7,6
421,ff34ceef-0597-4b3e-abb0-95faf96df93e,3
428,7d0a9262-cf64-4af1-a674-d4e8948d8122,2
754,ff34ceef-0597-4b3e-abb0-95faf96df93e,4
560,ff34ceef-0597-4b3e-abb0-95faf96df93e,1
1158,85c0ac04-9f32-4996-8a0f-c98803bedbd7,1
302,7d0a9262-cf64-4af1-a674-d4e8948d8122,3
1222,85c0ac04-9f32-4996-8a0f-c98803bedbd7,2
758,21bd5fa6-7c23-4270-b87e-af04e419f079,1
929,58efd4d9-0a5b-4f0c-9d5a-0dd7808ef575,1
977,718bcd60-1797-491f-817c-e05572f82b53,1
1216,718bcd60-1797-491f-817c-e05572f82b53,10
501,58efd4d9-0a5b-4f0c-9d5a-0dd7808ef575,3
567,c18ba94a-998a-40c6-a3c6-71390cb3f67c,2
634,7d0a9262-cf64-4af1-a674-d4e8948d8122,9
454,7d0a9262-cf64-4af1-a674-d4e8948d8122,3
664,7d0a9262-cf64-4af1-a674-d4e8948d8122,4
1132,7d0a9262-cf64-4af1-a674-d4e8948d8122,3
406,85c0ac04-9f32-4996-8a0f-c98803bedbd7,2
416,7d0a9262-cf64-4af1-a674-d4e8948d8122,2
852,718bcd60-1797-491f-817c-e05572f82b53,3
585,718bcd60-1797-491f-817c-e05572f82b53,1
268,5bc7529f-715e-40df-8957-00d9331fbe24,1
1332,718bcd60-1797-491f-817c-e05572f82b53,3
936,ff34ceef-0597-4b3e-abb0-95faf96df93e,5
1017,85c0ac04-9f32-4996-8a0f-c98803bedbd7,1
760,1e23ced5-f640-4457-bf0b-643f46c758e1,1
871,85c0ac04-9f32-4996-8a0f-c98803bedbd7,1
430,21bd5fa6-7c23-4270-b87e-af04e419f079,1
542,1e23ced5-f640-4457-bf0b-643f46c758e1,3
754,718bcd60-1797-491f-817c-e05572f82b53,4
516,58efd4d9-0a5b-4f0c-9d5a-0dd7808ef575,2
225,58efd4d9-0a5b-4f0c-9d5a-0dd7808ef575,7
876,7d0a9262-cf64-4af1-a674-d4e8948d8122,2
798,58efd4d9-0a5b-4f0c-9d5a-0dd7808ef575,1
1232,718bcd60-1797-491f-817c-e05572f82b53,3
1104,85c0ac04-9f32-4996-8a0f-c98803bedbd7,1
594,85c0ac04-9f32-4996-8a0f-c98803bedbd7,3
810,ff34ceef-0597-4b3e-abb0-95faf96df93e,1
464,ff34ceef-0597-4b3e-abb0-95faf96df93e,4
268,1e23ced5-f640-4457-bf0b-643f46c758e1,2
270,718bcd60-1797-491f-817c-e05572f82b53,1
450,ff34ceef-0597-4b3e-abb0-95faf96df93e,4
569,7d0a9262-cf64-4af1-a674-d4e8948d8122,3
1034,ff34ceef-0597-4b3e-abb0-95faf96df93e,1
631,718bcd60-1797-491f-817c-e05572f82b53,1
724,ff34ceef-0597-4b3e-abb0-95faf96df93e,2
1009,85c0ac04-9f32-4996-8a0f-c98803bedbd7,1
1021,c18ba94a-998a-40c6-a3c6-71390cb3f67c,1
249,5bc7529f-715e-40df-8957-00d9331fbe24,2
1330,85c0ac04-9f32-4996-8a0f-c98803bedbd7,1
1250,ff34ceef-0597-4b3e-abb0-95faf96df93e,2
853,718bcd60-1797-491f-817c-e05572f82b53,1
1053,ff34ceef-0597-4b3e-abb0-95faf96df93e,5
868,7d0a9262-cf64-4af1-a674-d4e8948d8122,1
955,85c0ac04-9f32-4996-8a0f-c98803bedbd7,7
1121,7d0a9262-cf64-4af1-a674-d4e8948d8122,1
416,85c0ac04-9f32-4996-8a0f-c98803bedbd7,2
633,718bcd60-1797-491f-817c-e05572f82b53,1
380,1e23ced5-f640-4457-bf0b-643f46c758e1,3
690,718bcd60-1797-491f-817c-e05572f82b53,4
1222,21bd5fa6-7c23-4270-b87e-af04e419f079,2
843,ff34ceef-0597-4b3e-abb0-95faf96df93e,1
624,081535ac-eb1c-4a37-879c-573fe6e82eaf,1
656,7d0a9262-cf64-4af1-a674-d4e8948d8122,1
403,7d0a9262-cf64-4af1-a674-d4e8948d8122,9
1143,85c0ac04-9f32-4996-8a0f-c98803bedbd7,1
528,7d0a9262-cf64-4af1-a674-d4e8948d8122,4
766,1e23ced5-f640-4457-bf0b-643f46c758e1,4
505,85c0ac04-9f32-4996-8a0f-c98803bedbd7,3
611,7d0a9262-cf64-4af1-a674-d4e8948d8122,1
1207,3a36f60e-49ee-496e-8e85-995918d55f4e,2
153,7d0a9262-cf64-4af1-a674-d4e8948d8122,13
575,58efd4d9-0a5b-4f0c-9d5a-0dd7808ef575,1
307,718bcd60-1797-491f-817c-e05572f82b53,1
394,7d0a9262-cf64-4af1-a674-d4e8948d8122,4
1055,85c0ac04-9f32-4996-8a0f-c98803bedbd7,3
813,7d0a9262-cf64-4af1-a674-d4e8948d8122,23
542,21bd5fa6-7c23-4270-b87e-af04e419f079,1
1056,718bcd60-1797-491f-817c-e05572f82b53,4
441,718bcd60-1797-491f-817c-e05572f82b53,1
532,718bcd60-1797-491f-817c-e05572f82b53,3
409,ff34ceef-0597-4b3e-abb0-95faf96df93e,1
628,7d0a9262-cf64-4af1-a674-d4e8948d8122,1
17,85c0ac04-9f32-4996-8a0f-c98803bedbd7,1
1144,718bcd60-1797-491f-817c-e05572f82b53,3
272,7d0a9262-cf64-4af1-a674-d4e8948d8122,4
1252,ff34ceef-0597-4b3e-abb0-95faf96df93e,2
403,1e23ced5-f640-4457-bf0b-643f46c758e1,3
395,7d0a9262-cf64-4af1-a674-d4e8948d8122,5
460,718bcd60-1797-491f-817c-e05572f82b53,2
331,ff34ceef-0597-4b3e-abb0-95faf96df93e,1
270,7d0a9262-cf64-4af1-a674-d4e8948d8122,1
487,718bcd60-1797-491f-817c-e05572f82b53,1
824,21bd5fa6-7c23-4270-b87e-af04e419f079,3
426,3a36f60e-49ee-496e-8e85-995918d55f4e,1
678,deb0fa7a-e1ca-4235-a1de-b38fed28982d,2
335,58efd4d9-0a5b-4f0c-9d5a-0dd7808ef575,2
435,85c0ac04-9f32-4996-8a0f-c98803bedbd7,1
1482,ff34ceef-0597-4b3e-abb0-95faf96df93e,3
398,1e23ced5-f640-4457-bf0b-643f46c758e1,6
1053,7d0a9262-cf64-4af1-a674-d4e8948d8122,6
697,718bcd60-1797-491f-817c-e05572f82b53,1
767,7d0a9262-cf64-4af1-a674-d4e8948d8122,7
482,718bcd60-1797-491f-817c-e05572f82b53,2
1013,85c0ac04-9f32-4996-8a0f-c98803bedbd7,1
1116,3a36f60e-49ee-496e-8e85-995918d55f4e,1
767,1e23ced5-f640-4457-bf0b-643f46c758e1,7
977,85c0ac04-9f32-4996-8a0f-c98803bedbd7,1
813,85c0ac04-9f32-4996-8a0f-c98803bedbd7,14
331,718bcd60-1797-491f-817c-e05572f82b53,1
712,718bcd60-1797-491f-817c-e05572f82b53,1
953,c18ba94a-998a-40c6-a3c6-71390cb3f67c,1
763,718bcd60-1797-491f-817c-e05572f82b53,1
1349,1e23ced5-f640-4457-bf0b-643f46c758e1,1
399,7d0a9262-cf64-4af1-a674-d4e8948d8122,4
1085,1e23ced5-f640-4457-bf0b-643f46c758e1,1
1440,85c0ac04-9f32-4996-8a0f-c98803bedbd7,3
813,21bd5fa6-7c23-4270-b87e-af04e419f079,1
614,ff34ceef-0597-4b3e-abb0-95faf96df93e,2
953,1e23ced5-f640-4457-bf0b-643f46c758e1,1
995,7d0a9262-cf64-4af1-a674-d4e8948d8122,1
588,85c0ac04-9f32-4996-8a0f-c98803bedbd7,1
430,1e23ced5-f640-4457-bf0b-643f46c758e1,1
767,718bcd60-1797-491f-817c-e05572f82b53,1
320,85c0ac04-9f32-4996-8a0f-c98803bedbd7,3
232,718bcd60-1797-491f-817c-e05572f82b53,1
1288,718bcd60-1797-491f-817c-e05572f82b53,2
846,7d0a9262-cf64-4af1-a674-d4e8948d8122,1
280,85c0ac04-9f32-4996-8a0f-c98803bedbd7,2
1219,718bcd60-1797-491f-817c-e05572f82b53,2
482,ff34ceef-0597-4b3e-abb0-95faf96df93e,4
628,21bd5fa6-7c23-4270-b87e-af04e419f079,1
153,718bcd60-1797-491f-817c-e05572f82b53,5
833,58efd4d9-0a5b-4f0c-9d5a-0dd7808ef575,1
302,85c0ac04-9f32-4996-8a0f-c98803bedbd7,2
225,3a36f60e-49ee-496e-8e85-995918d55f4e,3
833,7d0a9262-cf64-4af1-a674-d4e8948d8122,9
1266,85c0ac04-9f32-4996-8a0f-c98803bedbd7,1
854,85c0ac04-9f32-4996-8a0f-c98803bedbd7,2
331,58efd4d9-0a5b-4f0c-9d5a-0dd7808ef575,4
871,ff34ceef-0597-4b3e-abb0-95faf96df93e,1
1150,85c0ac04-9f32-4996-8a0f-c98803bedbd7,1
318,fbbd43a4-2e74-4a42-8758-0209b183951d,1
1399,718bcd60-1797-491f-817c-e05572f82b53,3
772,718bcd60-1797-491f-817c-e05572f82b53,4
395,3a36f60e-49ee-496e-8e85-995918d55f4e,1
1289,85c0ac04-9f32-4996-8a0f-c98803bedbd7,1
1303,718bcd60-1797-491f-817c-e05572f82b53,1
531,58efd4d9-0a5b-4f0c-9d5a-0dd7808ef575,4
398,7d0a9262-cf64-4af1-a674-d4e8948d8122,6
571,ff34ceef-0597-4b3e-abb0-95faf96df93e,2
1183,718bcd60-1797-491f-817c-e05572f82b53,2
262,85c0ac04-9f32-4996-8a0f-c98803bedbd7,1
235,85c0ac04-9f32-4996-8a0f-c98803bedbd7,3
251,7d0a9262-cf64-4af1-a674-d4e8948d8122,1
535,718bcd60-1797-491f-817c-e05572f82b53,3
1028,c18ba94a-998a-40c6-a3c6-71390cb3f67c,1
292,1e23ced5-f640-4457-bf0b-643f46c758e1,2
1040,ff34ceef-0597-4b3e-abb0-95faf96df93e,1
982,85c0ac04-9f32-4996-8a0f-c98803bedbd7,1
298,5bc7529f-715e-40df-8957-00d9331fbe24,1
779,ff34ceef-0597-4b3e-abb0-95faf96df93e,2
1297,ff34ceef-0597-4b3e-abb0-95faf96df93e,1
801,7d0a9262-cf64-4af1-a674-d4e8948d8122,3
827,7d0a9262-cf64-4af1-a674-d4e8948d8122,1
1404,58efd4d9-0a5b-4f0c-9d5a-0dd7808ef575,1
802,58efd4d9-0a5b-4f0c-9d5a-0dd7808ef575,4
801,718bcd60-1797-491f-817c-e05572f82b53,2
934,1e23ced5-f640-4457-bf0b-643f46c758e1,1
712,1e23ced5-f640-4457-bf0b-643f46c758e1,3
361,718bcd60-1797-491f-817c-e05572f82b53,2
1194,718bcd60-1797-491f-817c-e05572f82b53,2
511,1e23ced5-f640-4457-bf0b-643f46c758e1,2
268,c18ba94a-998a-40c6-a3c6-71390cb3f67c,1
954,7d0a9262-cf64-4af1-a674-d4e8948d8122,2
759,58efd4d9-0a5b-4f0c-9d5a-0dd7808ef575,4
454,718bcd60-1797-491f-817c-e05572f82b53,1
296,ff34ceef-0597-4b3e-abb0-95faf96df93e,2
670,718bcd60-1797-491f-817c-e05572f82b53,2
357,7d0a9262-cf64-4af1-a674-d4e8948d8122,2
307,1e23ced5-f640-4457-bf0b-643f46c758e1,1
663,3a36f60e-49ee-496e-8e85-995918d55f4e,1
1104,718bcd60-1797-491f-817c-e05572f82b53,1
914,7d0a9262-cf64-4af1-a674-d4e8948d8122,1
736,718bcd60-1797-491f-817c-e05572f82b53,6
1131,718bcd60-1797-491f-817c-e05572f82b53,1
646,1e23ced5-f640-4457-bf0b-643f46c758e1,2
850,1e23ced5-f640-4457-bf0b-643f46c758e1,1
929,718bcd60-1797-491f-817c-e05572f82b53,2
1208,ff34ceef-0597-4b3e-abb0-95faf96df93e,7
1017,ff34ceef-0597-4b3e-abb0-95faf96df93e,1
1052,ff34ceef-0597-4b3e-abb0-95faf96df93e,2
539,3a36f60e-49ee-496e-8e85-995918d55f4e,1
332,ff34ceef-0597-4b3e-abb0-95faf96df93e,1
1351,85c0ac04-9f32-4996-8a0f-c98803bedbd7,1
1194,3a36f60e-49ee-496e-8e85-995918d55f4e,2
963,85c0ac04-9f32-4996-8a0f-c98803bedbd7,4
1372,7d0a9262-cf64-4af1-a674-d4e8948d8122,1
526,7d0a9262-cf64-4af1-a674-d4e8948d8122,2
240,85c0ac04-9f32-4996-8a0f-c98803bedbd7,3
528,58efd4d9-0a5b-4f0c-9d5a-0dd7808ef575,2
751,718bcd60-1797-491f-817c-e05572f82b53,4
861,ff34ceef-0597-4b3e-abb0-95faf96df93e,2
746,1e23ced5-f640-4457-bf0b-643f46c758e1,2
498,ff34ceef-0597-4b3e-abb0-95faf96df93e,2
653,1e23ced5-f640-4457-bf0b-643f46c758e1,1
472,7d0a9262-cf64-4af1-a674-d4e8948d8122,1
305,718bcd60-1797-491f-817c-e05572f82b53,1
934,718bcd60-1797-491f-817c-e05572f82b53,2
1204,3a36f60e-49ee-496e-8e85-995918d55f4e,2
275,718bcd60-1797-491f-817c-e05572f82b53,2
339,85c0ac04-9f32-4996-8a0f-c98803bedbd7,6
1361,ff34ceef-0597-4b3e-abb0-95faf96df93e,1
920,ff34ceef-0597-4b3e-abb0-95faf96df93e,2
250,85c0ac04-9f32-4996-8a0f-c98803bedbd7,1
1468,58efd4d9-0a5b-4f0c-9d5a-0dd7808ef575,2
459,1e23ced5-f640-4457-bf0b-643f46c758e1,1
260,718bcd60-1797-491f-817c-e05572f82b53,1
1143,ff34ceef-0597-4b3e-abb0-95faf96df93e,1
664,85c0ac04-9f32-4996-8a0f-c98803bedbd7,4
445,5bc7529f-715e-40df-8957-00d9331fbe24,1
262,718bcd60-1797-491f-817c-e05572f82b53,1
1225,85c0ac04-9f32-4996-8a0f-c98803bedbd7,1
668,7d0a9262-cf64-4af1-a674-d4e8948d8122,1
961,7d0a9262-cf64-4af1-a674-d4e8948d8122,4
547,7d0a9262-cf64-4af1-a674-d4e8948d8122,1
265,718bcd60-1797-491f-817c-e05572f82b53,1
408,85c0ac04-9f32-4996-8a0f-c98803bedbd7,1
334,718bcd60-1797-491f-817c-e05572f82b53,8
1291,58efd4d9-0a5b-4f0c-9d5a-0dd7808ef575,3
234,85c0ac04-9f32-4996-8a0f-c98803bedbd7,2
948,718bcd60-1797-491f-817c-e05572f82b53,3
1002,718bcd60-1797-491f-817c-e05572f82b53,1
803,85c0ac04-9f32-4996-8a0f-c98803bedbd7,4
704,718bcd60-1797-491f-817c-e05572f82b53,2
1404,ff34ceef-0597-4b3e-abb0-95faf96df93e,1
1478,21bd5fa6-7c23-4270-b87e-af04e419f079,7
1028,7d0a9262-cf64-4af1-a674-d4e8948d8122,5
247,21bd5fa6-7c23-4270-b87e-af04e419f079,3
157,85c0ac04-9f32-4996-8a0f-c98803bedbd7,1
262,7d0a9262-cf64-4af1-a674-d4e8948d8122,1
383,5bc7529f-715e-40df-8957-00d9331fbe24,2
761,7d0a9262-cf64-4af1-a674-d4e8948d8122,6
634,85c0ac04-9f32-4996-8a0f-c98803bedbd7,8
1245,21bd5fa6-7c23-4270-b87e-af04e419f079,3
1267,7d0a9262-cf64-4af1-a674-d4e8948d8122,3
1138,718bcd60-1797-491f-817c-e05572f82b53,3
813,5bc7529f-715e-40df-8957-00d9331fbe24,1
341,7d0a9262-cf64-4af1-a674-d4e8948d8122,1
301,58efd4d9-0a5b-4f0c-9d5a-0dd7808ef575,3
501,ff34ceef-0597-4b3e-abb0-95faf96df93e,2
362,21bd5fa6-7c23-4270-b87e-af04e419f079,2
330,21bd5fa6-7c23-4270-b87e-af04e419f079,2
284,718bcd60-1797-491f-817c-e05572f82b53,1
1460,85c0ac04-9f32-4996-8a0f-c98803bedbd7,1
846,85c0ac04-9f32-4996-8a0f-c98803bedbd7,1
292,7d0a9262-cf64-4af1-a674-d4e8948d8122,1
403,ff34ceef-0597-4b3e-abb0-95faf96df93e,2
384,718bcd60-1797-491f-817c-e05572f82b53,1
803,5bc7529f-715e-40df-8957-00d9331fbe24,1
746,58efd4d9-0a5b-4f0c-9d5a-0dd7808ef575,5
1477,58efd4d9-0a5b-4f0c-9d5a-0dd7808ef575,1
903,7d0a9262-cf64-4af1-a674-d4e8948d8122,1
844,58efd4d9-0a5b-4f0c-9d5a-0dd7808ef575,2
1207,7d0a9262-cf64-4af1-a674-d4e8948d8122,3
496,7d0a9262-cf64-4af1-a674-d4e8948d8122,3
854,718bcd60-1797-491f-817c-e05572f82b53,4
622,7d0a9262-cf64-4af1-a674-d4e8948d8122,2
1233,ff34ceef-0597-4b3e-abb0-95faf96df93e,1
428,718bcd60-1797-491f-817c-e05572f82b53,1
983,7d0a9262-cf64-4af1-a674-d4e8948d8122,2
766,718bcd60-1797-491f-817c-e05572f82b53,2
929,1e23ced5-f640-4457-bf0b-643f46c758e1,1
339,21bd5fa6-7c23-4270-b87e-af04e419f079,6
1143,718bcd60-1797-491f-817c-e05572f82b53,1
511,ff34ceef-0597-4b3e-abb0-95faf96df93e,2
382,7d0a9262-cf64-4af1-a674-d4e8948d8122,2
1385,ff34ceef-0597-4b3e-abb0-95faf96df93e,1
1216,58efd4d9-0a5b-4f0c-9d5a-0dd7808ef575,6
245,7d0a9262-cf64-4af1-a674-d4e8948d8122,1
776,1e23ced5-f640-4457-bf0b-643f46c758e1,3
316,718bcd60-1797-491f-817c-e05572f82b53,1
230,9c917322-9aa1-4788-ab7d-77e5d58b171e,6
961,85c0ac04-9f32-4996-8a0f-c98803bedbd7,4
1132,85c0ac04-9f32-4996-8a0f-c98803bedbd7,3
1056,58efd4d9-0a5b-4f0c-9d5a-0dd7808ef575,1
1350,85c0ac04-9f32-4996-8a0f-c98803bedbd7,1
804,85c0ac04-9f32-4996-8a0f-c98803bedbd7,3
448,58efd4d9-0a5b-4f0c-9d5a-0dd7808ef575,1
1455,7d0a9262-cf64-4af1-a674-d4e8948d8122,3
631,7d0a9262-cf64-4af1-a674-d4e8948d8122,2
542,718bcd60-1797-491f-817c-e05572f82b53,4
1204,21bd5fa6-7c23-4270-b87e-af04e419f079,3
846,58efd4d9-0a5b-4f0c-9d5a-0dd7808ef575,1
531,21bd5fa6-7c23-4270-b87e-af04e419f079,1
505,21bd5fa6-7c23-4270-b87e-af04e419f079,1
330,58efd4d9-0a5b-4f0c-9d5a-0dd7808ef575,2
333,fbbd43a4-2e74-4a42-8758-0209b183951d,2
333,26588482-88c2-4cb5-b7c8-305120273980,2
285,1e23ced5-f640-4457-bf0b-643f46c758e1,4
430,718bcd60-1797-491f-817c-e05572f82b53,1
977,58efd4d9-0a5b-4f0c-9d5a-0dd7808ef575,1
250,43d85243-a808-4914-aaa6-55cf20a105e8,1
425,718bcd60-1797-491f-817c-e05572f82b53,1
949,7d0a9262-cf64-4af1-a674-d4e8948d8122,3
646,7d0a9262-cf64-4af1-a674-d4e8948d8122,1
1189,7d0a9262-cf64-4af1-a674-d4e8948d8122,1
1252,7d0a9262-cf64-4af1-a674-d4e8948d8122,2
474,1e23ced5-f640-4457-bf0b-643f46c758e1,1
611,85c0ac04-9f32-4996-8a0f-c98803bedbd7,1
1206,7d0a9262-cf64-4af1-a674-d4e8948d8122,3
426,7d0a9262-cf64-4af1-a674-d4e8948d8122,23
480,7d0a9262-cf64-4af1-a674-d4e8948d8122,4
539,85c0ac04-9f32-4996-8a0f-c98803bedbd7,1
1183,58efd4d9-0a5b-4f0c-9d5a-0dd7808ef575,2
438,7d0a9262-cf64-4af1-a674-d4e8948d8122,2
395,21bd5fa6-7c23-4270-b87e-af04e419f079,1
1441,21bd5fa6-7c23-4270-b87e-af04e419f079,1
854,ff34ceef-0597-4b3e-abb0-95faf96df93e,1
582,718bcd60-1797-491f-817c-e05572f82b53,1
844,85c0ac04-9f32-4996-8a0f-c98803bedbd7,4
1053,85c0ac04-9f32-4996-8a0f-c98803bedbd7,4
534,718bcd60-1797-491f-817c-e05572f82b53,1
1477,7d0a9262-cf64-4af1-a674-d4e8948d8122,1
355,5bc7529f-715e-40df-8957-00d9331fbe24,1
1382,85c0ac04-9f32-4996-8a0f-c98803bedbd7,1
1441,ff34ceef-0597-4b3e-abb0-95faf96df93e,4
256,58efd4d9-0a5b-4f0c-9d5a-0dd7808ef575,1
516,85c0ac04-9f32-4996-8a0f-c98803bedbd7,2
321,9c917322-9aa1-4788-ab7d-77e5d58b171e,1
678,26588482-88c2-4cb5-b7c8-305120273980,2
1114,58efd4d9-0a5b-4f0c-9d5a-0dd7808ef575,1
585,ff34ceef-0597-4b3e-abb0-95faf96df93e,1
426,718bcd60-1797-491f-817c-e05572f82b53,15
1130,1e23ced5-f640-4457-bf0b-643f46c758e1,2
266,718bcd60-1797-491f-817c-e05572f82b53,1
364,85c0ac04-9f32-4996-8a0f-c98803bedbd7,2
139,85c0ac04-9f32-4996-8a0f-c98803bedbd7,1
433,7d0a9262-cf64-4af1-a674-d4e8948d8122,6
614,85c0ac04-9f32-4996-8a0f-c98803bedbd7,1
1007,21bd5fa6-7c23-4270-b87e-af04e419f079,1
331,7d0a9262-cf64-4af1-a674-d4e8948d8122,2
663,1e23ced5-f640-4457-bf0b-643f46c758e1,2
668,718bcd60-1797-491f-817c-e05572f82b53,1
344,85c0ac04-9f32-4996-8a0f-c98803bedbd7,1
413,7d0a9262-cf64-4af1-a674-d4e8948d8122,3
514,85c0ac04-9f32-4996-8a0f-c98803bedbd7,2
511,85c0ac04-9f32-4996-8a0f-c98803bedbd7,4
799,718bcd60-1797-491f-817c-e05572f82b53,2
768,718bcd60-1797-491f-817c-e05572f82b53,1
825,85c0ac04-9f32-4996-8a0f-c98803bedbd7,2
623,718bcd60-1797-491f-817c-e05572f82b53,3
399,ff34ceef-0597-4b3e-abb0-95faf96df93e,2
1190,ff34ceef-0597-4b3e-abb0-95faf96df93e,1
1468,5bc7529f-715e-40df-8957-00d9331fbe24,8
472,85c0ac04-9f32-4996-8a0f-c98803bedbd7,1
1385,58efd4d9-0a5b-4f0c-9d5a-0dd7808ef575,2
403,58efd4d9-0a5b-4f0c-9d5a-0dd7808ef575,2
580,5bc7529f-715e-40df-8957-00d9331fbe24,1
1245,85c0ac04-9f32-4996-8a0f-c98803bedbd7,1
1215,718bcd60-1797-491f-817c-e05572f82b53,3
1246,1e23ced5-f640-4457-bf0b-643f46c758e1,4
728,58efd4d9-0a5b-4f0c-9d5a-0dd7808ef575,4
332,85c0ac04-9f32-4996-8a0f-c98803bedbd7,1
507,58efd4d9-0a5b-4f0c-9d5a-0dd7808ef575,3
297,7d0a9262-cf64-4af1-a674-d4e8948d8122,2
1147,58efd4d9-0a5b-4f0c-9d5a-0dd7808ef575,1
1243,85c0ac04-9f32-4996-8a0f-c98803bedbd7,1
1350,1e23ced5-f640-4457-bf0b-643f46c758e1,1
384,85c0ac04-9f32-4996-8a0f-c98803bedbd7,1
473,ff34ceef-0597-4b3e-abb0-95faf96df93e,3
549,85c0ac04-9f32-4996-8a0f-c98803bedbd7,1
350,58efd4d9-0a5b-4f0c-9d5a-0dd7808ef575,1
479,1e23ced5-f640-4457-bf0b-643f46c758e1,2
763,1e23ced5-f640-4457-bf0b-643f46c758e1,2
474,7d0a9262-cf64-4af1-a674-d4e8948d8122,2
484,ff34ceef-0597-4b3e-abb0-95faf96df93e,2
435,5bc7529f-715e-40df-8957-00d9331fbe24,1
380,718bcd60-1797-491f-817c-e05572f82b53,1
1028,85c0ac04-9f32-4996-8a0f-c98803bedbd7,3
1128,718bcd60-1797-491f-817c-e05572f82b53,4
633,7d0a9262-cf64-4af1-a674-d4e8948d8122,1
663,ff34ceef-0597-4b3e-abb0-95faf96df93e,4
488,58efd4d9-0a5b-4f0c-9d5a-0dd7808ef575,1
346,85c0ac04-9f32-4996-8a0f-c98803bedbd7,1
487,7d0a9262-cf64-4af1-a674-d4e8948d8122,1
300,7d0a9262-cf64-4af1-a674-d4e8948d8122,1
844,ff34ceef-0597-4b3e-abb0-95faf96df93e,3
1225,7d0a9262-cf64-4af1-a674-d4e8948d8122,1
497,85c0ac04-9f32-4996-8a0f-c98803bedbd7,1
876,21bd5fa6-7c23-4270-b87e-af04e419f079,2
501,21bd5fa6-7c23-4270-b87e-af04e419f079,1
876,1e23ced5-f640-4457-bf0b-643f46c758e1,1
344,ff34ceef-0597-4b3e-abb0-95faf96df93e,1
1054,85c0ac04-9f32-4996-8a0f-c98803bedbd7,4
953,718bcd60-1797-491f-817c-e05572f82b53,1
1047,7d0a9262-cf64-4af1-a674-d4e8948d8122,1
362,1e23ced5-f640-4457-bf0b-643f46c758e1,2
236,85c0ac04-9f32-4996-8a0f-c98803bedbd7,2
330,ff34ceef-0597-4b3e-abb0-95faf96df93e,1
346,7d0a9262-cf64-4af1-a674-d4e8948d8122,1
457,718bcd60-1797-491f-817c-e05572f82b53,8
758,7d0a9262-cf64-4af1-a674-d4e8948d8122,1
433,85c0ac04-9f32-4996-8a0f-c98803bedbd7,6
507,1e23ced5-f640-4457-bf0b-643f46c758e1,3
1131,7d0a9262-cf64-4af1-a674-d4e8948d8122,1
532,1e23ced5-f640-4457-bf0b-643f46c758e1,3
1055,718bcd60-1797-491f-817c-e05572f82b53,3
334,1e23ced5-f640-4457-bf0b-643f46c758e1,3
662,ff34ceef-0597-4b3e-abb0-95faf96df93e,1
923,718bcd60-1797-491f-817c-e05572f82b53,1
957,85c0ac04-9f32-4996-8a0f-c98803bedbd7,3
145,7d0a9262-cf64-4af1-a674-d4e8948d8122,1
279,58efd4d9-0a5b-4f0c-9d5a-0dd7808ef575,2
569,ff34ceef-0597-4b3e-abb0-95faf96df93e,1
869,718bcd60-1797-491f-817c-e05572f82b53,2
417,718bcd60-1797-491f-817c-e05572f82b53,1
984,7d0a9262-cf64-4af1-a674-d4e8948d8122,1
526,58efd4d9-0a5b-4f0c-9d5a-0dd7808ef575,1
761,1e23ced5-f640-4457-bf0b-643f46c758e1,6
683,5bc7529f-715e-40df-8957-00d9331fbe24,2
507,21bd5fa6-7c23-4270-b87e-af04e419f079,2
565,58efd4d9-0a5b-4f0c-9d5a-0dd7808ef575,1
1266,ff34ceef-0597-4b3e-abb0-95faf96df93e,1
1143,5bc7529f-715e-40df-8957-00d9331fbe24,1
356,58efd4d9-0a5b-4f0c-9d5a-0dd7808ef575,3
382,1e23ced5-f640-4457-bf0b-643f46c758e1,1
1352,85c0ac04-9f32-4996-8a0f-c98803bedbd7,1
1005,21bd5fa6-7c23-4270-b87e-af04e419f079,1
395,85c0ac04-9f32-4996-8a0f-c98803bedbd7,1
322,9c917322-9aa1-4788-ab7d-77e5d58b171e,1
597,ff34ceef-0597-4b3e-abb0-95faf96df93e,1
852,c18ba94a-998a-40c6-a3c6-71390cb3f67c,1
1114,7d0a9262-cf64-4af1-a674-d4e8948d8122,1
251,c18ba94a-998a-40c6-a3c6-71390cb3f67c,1
345,58efd4d9-0a5b-4f0c-9d5a-0dd7808ef575,1
832,7d0a9262-cf64-4af1-a674-d4e8948d8122,1
516,7d0a9262-cf64-4af1-a674-d4e8948d8122,2
1047,58efd4d9-0a5b-4f0c-9d5a-0dd7808ef575,1
437,7d0a9262-cf64-4af1-a674-d4e8948d8122,1
1217,718bcd60-1797-491f-817c-e05572f82b53,1
1005,ff34ceef-0597-4b3e-abb0-95faf96df93e,1
948,c18ba94a-998a-40c6-a3c6-71390cb3f67c,2
736,1e23ced5-f640-4457-bf0b-643f46c758e1,2
813,ff34ceef-0597-4b3e-abb0-95faf96df93e,5
472,718bcd60-1797-491f-817c-e05572f82b53,1
215,718bcd60-1797-491f-817c-e05572f82b53,1
1121,58efd4d9-0a5b-4f0c-9d5a-0dd7808ef575,1
944,718bcd60-1797-491f-817c-e05572f82b53,2
430,7d0a9262-cf64-4af1-a674-d4e8948d8122,1
301,21bd5fa6-7c23-4270-b87e-af04e419f079,4
1054,7d0a9262-cf64-4af1-a674-d4e8948d8122,4
336,7d0a9262-cf64-4af1-a674-d4e8948d8122,2
778,21bd5fa6-7c23-4270-b87e-af04e419f079,3
1352,1e23ced5-f640-4457-bf0b-643f46c758e1,1
413,3a36f60e-49ee-496e-8e85-995918d55f4e,1
457,1e23ced5-f640-4457-bf0b-643f46c758e1,4
542,58efd4d9-0a5b-4f0c-9d5a-0dd7808ef575,1
764,7d0a9262-cf64-4af1-a674-d4e8948d8122,4
823,718bcd60-1797-491f-817c-e05572f82b53,2
262,21bd5fa6-7c23-4270-b87e-af04e419f079,1
1100,7d0a9262-cf64-4af1-a674-d4e8948d8122,1
624,7d0a9262-cf64-4af1-a674-d4e8948d8122,1
810,7d0a9262-cf64-4af1-a674-d4e8948d8122,1
439,7d0a9262-cf64-4af1-a674-d4e8948d8122,2
782,7d0a9262-cf64-4af1-a674-d4e8948d8122,2
443,7d0a9262-cf64-4af1-a674-d4e8948d8122,1
445,718bcd60-1797-491f-817c-e05572f82b53,1
250,58efd4d9-0a5b-4f0c-9d5a-0dd7808ef575,1
1013,7d0a9262-cf64-4af1-a674-d4e8948d8122,1
256,7d0a9262-cf64-4af1-a674-d4e8948d8122,1
403,718bcd60-1797-491f-817c-e05572f82b53,6
1008,ff34ceef-0597-4b3e-abb0-95faf96df93e,1
355,21bd5fa6-7c23-4270-b87e-af04e419f079,2
337,7d0a9262-cf64-4af1-a674-d4e8948d8122,1
1288,85c0ac04-9f32-4996-8a0f-c98803bedbd7,1
1482,58efd4d9-0a5b-4f0c-9d5a-0dd7808ef575,1
565,1e23ced5-f640-4457-bf0b-643f46c758e1,1
1110,ff34ceef-0597-4b3e-abb0-95faf96df93e,2
662,7d0a9262-cf64-4af1-a674-d4e8948d8122,1
805,7d0a9262-cf64-4af1-a674-d4e8948d8122,3
1084,718bcd60-1797-491f-817c-e05572f82b53,1
367,58efd4d9-0a5b-4f0c-9d5a-0dd7808ef575,3
505,58efd4d9-0a5b-4f0c-9d5a-0dd7808ef575,1
534,ff34ceef-0597-4b3e-abb0-95faf96df93e,2
1392,7d0a9262-cf64-4af1-a674-d4e8948d8122,1
399,85c0ac04-9f32-4996-8a0f-c98803bedbd7,1
956,7d0a9262-cf64-4af1-a674-d4e8948d8122,6
347,718bcd60-1797-491f-817c-e05572f82b53,4
949,85c0ac04-9f32-4996-8a0f-c98803bedbd7,1
1140,85c0ac04-9f32-4996-8a0f-c98803bedbd7,1
827,1e23ced5-f640-4457-bf0b-643f46c758e1,1
336,85c0ac04-9f32-4996-8a0f-c98803bedbd7,1
1418,ff34ceef-0597-4b3e-abb0-95faf96df93e,22
844,3a36f60e-49ee-496e-8e85-995918d55f4e,2
1455,85c0ac04-9f32-4996-8a0f-c98803bedbd7,3
824,ff34ceef-0597-4b3e-abb0-95faf96df93e,3
836,58efd4d9-0a5b-4f0c-9d5a-0dd7808ef575,1
825,58efd4d9-0a5b-4f0c-9d5a-0dd7808ef575,1
1021,7d0a9262-cf64-4af1-a674-d4e8948d8122,7
312,21bd5fa6-7c23-4270-b87e-af04e419f079,1
804,718bcd60-1797-491f-817c-e05572f82b53,2
257,1e23ced5-f640-4457-bf0b-643f46c758e1,3
855,85c0ac04-9f32-4996-8a0f-c98803bedbd7,3
342,0035d25e-7ca9-4862-8169-647a923b96df,1
457,ff34ceef-0597-4b3e-abb0-95faf96df93e,9
1144,85c0ac04-9f32-4996-8a0f-c98803bedbd7,4
296,85c0ac04-9f32-4996-8a0f-c98803bedbd7,3
496,58efd4d9-0a5b-4f0c-9d5a-0dd7808ef575,3
1266,7d0a9262-cf64-4af1-a674-d4e8948d8122,1
494,21bd5fa6-7c23-4270-b87e-af04e419f079,2
779,7d0a9262-cf64-4af1-a674-d4e8948d8122,2
363,7d0a9262-cf64-4af1-a674-d4e8948d8122,1
825,718bcd60-1797-491f-817c-e05572f82b53,1
649,7d0a9262-cf64-4af1-a674-d4e8948d8122,1
567,ff34ceef-0597-4b3e-abb0-95faf96df93e,2
344,7d0a9262-cf64-4af1-a674-d4e8948d8122,1
1482,85c0ac04-9f32-4996-8a0f-c98803bedbd7,1
1146,7d0a9262-cf64-4af1-a674-d4e8948d8122,2
893,718bcd60-1797-491f-817c-e05572f82b53,2
753,ff34ceef-0597-4b3e-abb0-95faf96df93e,4
17,7d0a9262-cf64-4af1-a674-d4e8948d8122,1
801,58efd4d9-0a5b-4f0c-9d5a-0dd7808ef575,1
694,718bcd60-1797-491f-817c-e05572f82b53,1
300,718bcd60-1797-491f-817c-e05572f82b53,1
1440,718bcd60-1797-491f-817c-e05572f82b53,2
356,718bcd60-1797-491f-817c-e05572f82b53,6
957,21bd5fa6-7c23-4270-b87e-af04e419f079,1
279,7d0a9262-cf64-4af1-a674-d4e8948d8122,4
448,1e23ced5-f640-4457-bf0b-643f46c758e1,1
729,ff34ceef-0597-4b3e-abb0-95faf96df93e,3
356,1e23ced5-f640-4457-bf0b-643f46c758e1,6
443,c18ba94a-998a-40c6-a3c6-71390cb3f67c,1
781,7d0a9262-cf64-4af1-a674-d4e8948d8122,2
316,7d0a9262-cf64-4af1-a674-d4e8948d8122,1
1194,21bd5fa6-7c23-4270-b87e-af04e419f079,2
531,7d0a9262-cf64-4af1-a674-d4e8948d8122,3
804,58efd4d9-0a5b-4f0c-9d5a-0dd7808ef575,1
845,21bd5fa6-7c23-4270-b87e-af04e419f079,4
1131,85c0ac04-9f32-4996-8a0f-c98803bedbd7,1
362,718bcd60-1797-491f-817c-e05572f82b53,17
944,7d0a9262-cf64-4af1-a674-d4e8948d8122,3
306,7d0a9262-cf64-4af1-a674-d4e8948d8122,1
1216,85c0ac04-9f32-4996-8a0f-c98803bedbd7,1
1440,ff34ceef-0597-4b3e-abb0-95faf96df93e,3
1289,58efd4d9-0a5b-4f0c-9d5a-0dd7808ef575,1
955,718bcd60-1797-491f-817c-e05572f82b53,5
920,58efd4d9-0a5b-4f0c-9d5a-0dd7808ef575,2
914,58efd4d9-0a5b-4f0c-9d5a-0dd7808ef575,1
247,3a36f60e-49ee-496e-8e85-995918d55f4e,6
766,7d0a9262-cf64-4af1-a674-d4e8948d8122,4
846,21bd5fa6-7c23-4270-b87e-af04e419f079,1
727,85c0ac04-9f32-4996-8a0f-c98803bedbd7,1
298,58efd4d9-0a5b-4f0c-9d5a-0dd7808ef575,1
837,1e23ced5-f640-4457-bf0b-643f46c758e1,1
1107,718bcd60-1797-491f-817c-e05572f82b53,3
476,1e23ced5-f640-4457-bf0b-643f46c758e1,2
1332,7d0a9262-cf64-4af1-a674-d4e8948d8122,3
437,58efd4d9-0a5b-4f0c-9d5a-0dd7808ef575,1
1290,ff34ceef-0597-4b3e-abb0-95faf96df93e,2
419,7d0a9262-cf64-4af1-a674-d4e8948d8122,1
1231,58efd4d9-0a5b-4f0c-9d5a-0dd7808ef575,1
663,7d0a9262-cf64-4af1-a674-d4e8948d8122,15
633,85c0ac04-9f32-4996-8a0f-c98803bedbd7,1
805,58efd4d9-0a5b-4f0c-9d5a-0dd7808ef575,1
350,ff34ceef-0597-4b3e-abb0-95faf96df93e,1
369,1e23ced5-f640-4457-bf0b-643f46c758e1,1
567,85c0ac04-9f32-4996-8a0f-c98803bedbd7,2
1055,58efd4d9-0a5b-4f0c-9d5a-0dd7808ef575,1
319,ff34ceef-0597-4b3e-abb0-95faf96df93e,2
1289,718bcd60-1797-491f-817c-e05572f82b53,1
304,ff34ceef-0597-4b3e-abb0-95faf96df93e,1
1052,7d0a9262-cf64-4af1-a674-d4e8948d8122,2
1258,ff34ceef-0597-4b3e-abb0-95faf96df93e,1
1477,21bd5fa6-7c23-4270-b87e-af04e419f079,1
893,ff34ceef-0597-4b3e-abb0-95faf96df93e,2
963,7d0a9262-cf64-4af1-a674-d4e8948d8122,3
990,85c0ac04-9f32-4996-8a0f-c98803bedbd7,1
297,85c0ac04-9f32-4996-8a0f-c98803bedbd7,2
1340,58efd4d9-0a5b-4f0c-9d5a-0dd7808ef575,1
396,718bcd60-1797-491f-817c-e05572f82b53,2
267,7d0a9262-cf64-4af1-a674-d4e8948d8122,1
231,85c0ac04-9f32-4996-8a0f-c98803bedbd7,6
382,718bcd60-1797-491f-817c-e05572f82b53,1
274,7d0a9262-cf64-4af1-a674-d4e8948d8122,1
1121,85c0ac04-9f32-4996-8a0f-c98803bedbd7,1
608,718bcd60-1797-491f-817c-e05572f82b53,3
298,7d0a9262-cf64-4af1-a674-d4e8948d8122,1
424,718bcd60-1797-491f-817c-e05572f82b53,2
1250,718bcd60-1797-491f-817c-e05572f82b53,2
1132,1e23ced5-f640-4457-bf0b-643f46c758e1,2
1161,7d0a9262-cf64-4af1-a674-d4e8948d8122,5
614,21bd5fa6-7c23-4270-b87e-af04e419f079,2
1005,58efd4d9-0a5b-4f0c-9d5a-0dd7808ef575,1
484,85c0ac04-9f32-4996-8a0f-c98803bedbd7,1
616,7d0a9262-cf64-4af1-a674-d4e8948d8122,2
845,ff34ceef-0597-4b3e-abb0-95faf96df93e,3
552,7d0a9262-cf64-4af1-a674-d4e8948d8122,1
260,7d0a9262-cf64-4af1-a674-d4e8948d8122,2
855,ff34ceef-0597-4b3e-abb0-95faf96df93e,1
425,3a36f60e-49ee-496e-8e85-995918d55f4e,1
268,85c0ac04-9f32-4996-8a0f-c98803bedbd7,16
1373,718bcd60-1797-491f-817c-e05572f82b53,1
511,7d0a9262-cf64-4af1-a674-d4e8948d8122,4
565,ff34ceef-0597-4b3e-abb0-95faf96df93e,2
934,ff34ceef-0597-4b3e-abb0-95faf96df93e,1
263,718bcd60-1797-491f-817c-e05572f82b53,5
913,7d0a9262-cf64-4af1-a674-d4e8948d8122,1
369,7d0a9262-cf64-4af1-a674-d4e8948d8122,1
414,85c0ac04-9f32-4996-8a0f-c98803bedbd7,1
1355,3a36f60e-49ee-496e-8e85-995918d55f4e,1
350,85c0ac04-9f32-4996-8a0f-c98803bedbd7,1
1068,7d0a9262-cf64-4af1-a674-d4e8948d8122,1
157,718bcd60-1797-491f-817c-e05572f82b53,1
345,1e23ced5-f640-4457-bf0b-643f46c758e1,1
365,718bcd60-1797-491f-817c-e05572f82b53,2
567,1e23ced5-f640-4457-bf0b-643f46c758e1,3
166,85c0ac04-9f32-4996-8a0f-c98803bedbd7,1
259,85c0ac04-9f32-4996-8a0f-c98803bedbd7,1
305,7d0a9262-cf64-4af1-a674-d4e8948d8122,1
1482,7d0a9262-cf64-4af1-a674-d4e8948d8122,4
469,ff34ceef-0597-4b3e-abb0-95faf96df93e,4
264,718bcd60-1797-491f-817c-e05572f82b53,1
497,7d0a9262-cf64-4af1-a674-d4e8948d8122,1
623,ff34ceef-0597-4b3e-abb0-95faf96df93e,4
333,3a0b3916-5cd7-4d1b-8962-79270ec3b670,2
153,85c0ac04-9f32-4996-8a0f-c98803bedbd7,12
1190,85c0ac04-9f32-4996-8a0f-c98803bedbd7,8
1196,7d0a9262-cf64-4af1-a674-d4e8948d8122,1
1085,58efd4d9-0a5b-4f0c-9d5a-0dd7808ef575,1
1378,ff34ceef-0597-4b3e-abb0-95faf96df93e,2
775,7d0a9262-cf64-4af1-a674-d4e8948d8122,2
1151,7d0a9262-cf64-4af1-a674-d4e8948d8122,1
850,58efd4d9-0a5b-4f0c-9d5a-0dd7808ef575,1
268,ff34ceef-0597-4b3e-abb0-95faf96df93e,9
169,58efd4d9-0a5b-4f0c-9d5a-0dd7808ef575,2
990,1e23ced5-f640-4457-bf0b-643f46c758e1,1
1387,ff34ceef-0597-4b3e-abb0-95faf96df93e,2
232,85c0ac04-9f32-4996-8a0f-c98803bedbd7,16
683,3a36f60e-49ee-496e-8e85-995918d55f4e,2
426,ff34ceef-0597-4b3e-abb0-95faf96df93e,20
1021,58efd4d9-0a5b-4f0c-9d5a-0dd7808ef575,2
851,1e23ced5-f640-4457-bf0b-643f46c758e1,1
869,85c0ac04-9f32-4996-8a0f-c98803bedbd7,1
512,7d0a9262-cf64-4af1-a674-d4e8948d8122,2
845,7d0a9262-cf64-4af1-a674-d4e8948d8122,4
441,7d0a9262-cf64-4af1-a674-d4e8948d8122,2
934,081535ac-eb1c-4a37-879c-573fe6e82eaf,1
803,58efd4d9-0a5b-4f0c-9d5a-0dd7808ef575,3
588,7d0a9262-cf64-4af1-a674-d4e8948d8122,1
649,718bcd60-1797-491f-817c-e05572f82b53,1
225,7d0a9262-cf64-4af1-a674-d4e8948d8122,20
1143,7d0a9262-cf64-4af1-a674-d4e8948d8122,1
498,85c0ac04-9f32-4996-8a0f-c98803bedbd7,3
923,081535ac-eb1c-4a37-879c-573fe6e82eaf,1
459,718bcd60-1797-491f-817c-e05572f82b53,1
267,85c0ac04-9f32-4996-8a0f-c98803bedbd7,1
1217,7d0a9262-cf64-4af1-a674-d4e8948d8122,1
1107,ff34ceef-0597-4b3e-abb0-95faf96df93e,5
687,85c0ac04-9f32-4996-8a0f-c98803bedbd7,1
662,718bcd60-1797-491f-817c-e05572f82b53,1
953,85c0ac04-9f32-4996-8a0f-c98803bedbd7,1
948,7d0a9262-cf64-4af1-a674-d4e8948d8122,3
580,1e23ced5-f640-4457-bf0b-643f46c758e1,1
476,85c0ac04-9f32-4996-8a0f-c98803bedbd7,2
1468,1e23ced5-f640-4457-bf0b-643f46c758e1,4
634,58efd4d9-0a5b-4f0c-9d5a-0dd7808ef575,1
929,ff34ceef-0597-4b3e-abb0-95faf96df93e,1
366,7d0a9262-cf64-4af1-a674-d4e8948d8122,1
300,1e23ced5-f640-4457-bf0b-643f46c758e1,1
501,718bcd60-1797-491f-817c-e05572f82b53,3
622,58efd4d9-0a5b-4f0c-9d5a-0dd7808ef575,2
279,718bcd60-1797-491f-817c-e05572f82b53,1
962,1e23ced5-f640-4457-bf0b-643f46c758e1,1
510,7d0a9262-cf64-4af1-a674-d4e8948d8122,1
339,7d0a9262-cf64-4af1-a674-d4e8948d8122,6
781,1e23ced5-f640-4457-bf0b-643f46c758e1,1
879,85c0ac04-9f32-4996-8a0f-c98803bedbd7,1
1130,85c0ac04-9f32-4996-8a0f-c98803bedbd7,2
1033,718bcd60-1797-491f-817c-e05572f82b53,1
1007,85c0ac04-9f32-4996-8a0f-c98803bedbd7,2
853,7d0a9262-cf64-4af1-a674-d4e8948d8122,1
469,85c0ac04-9f32-4996-8a0f-c98803bedbd7,2
317,ff34ceef-0597-4b3e-abb0-95faf96df93e,1
852,1e23ced5-f640-4457-bf0b-643f46c758e1,3
1188,718bcd60-1797-491f-817c-e05572f82b53,1
1336,1e23ced5-f640-4457-bf0b-643f46c758e1,1
333,9c917322-9aa1-4788-ab7d-77e5d58b171e,2
704,85c0ac04-9f32-4996-8a0f-c98803bedbd7,3
850,718bcd60-1797-491f-817c-e05572f82b53,1
670,85c0ac04-9f32-4996-8a0f-c98803bedbd7,1
548,58efd4d9-0a5b-4f0c-9d5a-0dd7808ef575,1
362,58efd4d9-0a5b-4f0c-9d5a-0dd7808ef575,1
588,718bcd60-1797-491f-817c-e05572f82b53,1
1231,21bd5fa6-7c23-4270-b87e-af04e419f079,1
251,5bc7529f-715e-40df-8957-00d9331fbe24,1
843,3a36f60e-49ee-496e-8e85-995918d55f4e,1
234,718bcd60-1797-491f-817c-e05572f82b53,1
586,718bcd60-1797-491f-817c-e05572f82b53,3
582,7d0a9262-cf64-4af1-a674-d4e8948d8122,1
565,21bd5fa6-7c23-4270-b87e-af04e419f079,2
395,ff34ceef-0597-4b3e-abb0-95faf96df93e,2
802,7d0a9262-cf64-4af1-a674-d4e8948d8122,5
1041,85c0ac04-9f32-4996-8a0f-c98803bedbd7,1
594,7d0a9262-cf64-4af1-a674-d4e8948d8122,3
245,ff34ceef-0597-4b3e-abb0-95faf96df93e,1
1024,7d0a9262-cf64-4af1-a674-d4e8948d8122,2
432,21bd5fa6-7c23-4270-b87e-af04e419f079,1
646,85c0ac04-9f32-4996-8a0f-c98803bedbd7,10
362,85c0ac04-9f32-4996-8a0f-c98803bedbd7,35
1460,58efd4d9-0a5b-4f0c-9d5a-0dd7808ef575,2
1361,21bd5fa6-7c23-4270-b87e-af04e419f079,1
488,1e23ced5-f640-4457-bf0b-643f46c758e1,2
447,21bd5fa6-7c23-4270-b87e-af04e419f079,1
1110,7d0a9262-cf64-4af1-a674-d4e8948d8122,2
725,58efd4d9-0a5b-4f0c-9d5a-0dd7808ef575,1
1246,85c0ac04-9f32-4996-8a0f-c98803bedbd7,1
255,7d0a9262-cf64-4af1-a674-d4e8948d8122,1
237,85c0ac04-9f32-4996-8a0f-c98803bedbd7,4
802,ff34ceef-0597-4b3e-abb0-95faf96df93e,3
17,718bcd60-1797-491f-817c-e05572f82b53,1
1440,3a36f60e-49ee-496e-8e85-995918d55f4e,1
1468,3a36f60e-49ee-496e-8e85-995918d55f4e,10
1147,7d0a9262-cf64-4af1-a674-d4e8948d8122,1
1040,7d0a9262-cf64-4af1-a674-d4e8948d8122,3
647,1e23ced5-f640-4457-bf0b-643f46c758e1,4
1356,58efd4d9-0a5b-4f0c-9d5a-0dd7808ef575,1
1008,7d0a9262-cf64-4af1-a674-d4e8948d8122,2
724,7d0a9262-cf64-4af1-a674-d4e8948d8122,3
844,21bd5fa6-7c23-4270-b87e-af04e419f079,4
718,7d0a9262-cf64-4af1-a674-d4e8948d8122,1
313,7d0a9262-cf64-4af1-a674-d4e8948d8122,2
365,7d0a9262-cf64-4af1-a674-d4e8948d8122,1
425,5bc7529f-715e-40df-8957-00d9331fbe24,1
634,ff34ceef-0597-4b3e-abb0-95faf96df93e,8
1226,718bcd60-1797-491f-817c-e05572f82b53,1
1303,58efd4d9-0a5b-4f0c-9d5a-0dd7808ef575,4
1151,21bd5fa6-7c23-4270-b87e-af04e419f079,1
805,718bcd60-1797-491f-817c-e05572f82b53,2
471,ff34ceef-0597-4b3e-abb0-95faf96df93e,2
697,7d0a9262-cf64-4af1-a674-d4e8948d8122,1
844,5bc7529f-715e-40df-8957-00d9331fbe24,1
665,718bcd60-1797-491f-817c-e05572f82b53,1
1114,85c0ac04-9f32-4996-8a0f-c98803bedbd7,1
248,3a36f60e-49ee-496e-8e85-995918d55f4e,1
318,26588482-88c2-4cb5-b7c8-305120273980,1
391,7d0a9262-cf64-4af1-a674-d4e8948d8122,1
1209,3a36f60e-49ee-496e-8e85-995918d55f4e,1
610,1e23ced5-f640-4457-bf0b-643f46c758e1,2
536,21bd5fa6-7c23-4270-b87e-af04e419f079,1
646,58efd4d9-0a5b-4f0c-9d5a-0dd7808ef575,8
356,21bd5fa6-7c23-4270-b87e-af04e419f079,3
1233,7d0a9262-cf64-4af1-a674-d4e8948d8122,1
1056,ff34ceef-0597-4b3e-abb0-95faf96df93e,3
512,58efd4d9-0a5b-4f0c-9d5a-0dd7808ef575,1
953,7d0a9262-cf64-4af1-a674-d4e8948d8122,1
429,58efd4d9-0a5b-4f0c-9d5a-0dd7808ef575,1
425,7d0a9262-cf64-4af1-a674-d4e8948d8122,5
1116,58efd4d9-0a5b-4f0c-9d5a-0dd7808ef575,1
683,21bd5fa6-7c23-4270-b87e-af04e419f079,1
845,5bc7529f-715e-40df-8957-00d9331fbe24,1
634,718bcd60-1797-491f-817c-e05572f82b53,9
307,85c0ac04-9f32-4996-8a0f-c98803bedbd7,2
725,718bcd60-1797-491f-817c-e05572f82b53,1
1068,1e23ced5-f640-4457-bf0b-643f46c758e1,1
321,098dc937-a359-44c8-a5a6-9383d68d06d1,1
498,7d0a9262-cf64-4af1-a674-d4e8948d8122,3
1009,3a36f60e-49ee-496e-8e85-995918d55f4e,5
934,58efd4d9-0a5b-4f0c-9d5a-0dd7808ef575,1
779,718bcd60-1797-491f-817c-e05572f82b53,2
394,718bcd60-1797-491f-817c-e05572f82b53,1
1284,7d0a9262-cf64-4af1-a674-d4e8948d8122,1
1024,ff34ceef-0597-4b3e-abb0-95faf96df93e,2
778,58efd4d9-0a5b-4f0c-9d5a-0dd7808ef575,3
1204,5bc7529f-715e-40df-8957-00d9331fbe24,2
381,ff34ceef-0597-4b3e-abb0-95faf96df93e,3
333,098dc937-a359-44c8-a5a6-9383d68d06d1,2
540,ff34ceef-0597-4b3e-abb0-95faf96df93e,2
1330,7d0a9262-cf64-4af1-a674-d4e8948d8122,1
1440,7d0a9262-cf64-4af1-a674-d4e8948d8122,3
1478,ff34ceef-0597-4b3e-abb0-95faf96df93e,7
332,1e23ced5-f640-4457-bf0b-643f46c758e1,1
503,85c0ac04-9f32-4996-8a0f-c98803bedbd7,2
725,ff34ceef-0597-4b3e-abb0-95faf96df93e,1
425,1e23ced5-f640-4457-bf0b-643f46c758e1,2
824,85c0ac04-9f32-4996-8a0f-c98803bedbd7,2
1229,85c0ac04-9f32-4996-8a0f-c98803bedbd7,1
1207,718bcd60-1797-491f-817c-e05572f82b53,3
913,5bc7529f-715e-40df-8957-00d9331fbe24,1
331,1e23ced5-f640-4457-bf0b-643f46c758e1,2
1390,85c0ac04-9f32-4996-8a0f-c98803bedbd7,1
884,85c0ac04-9f32-4996-8a0f-c98803bedbd7,1
1040,718bcd60-1797-491f-817c-e05572f82b53,3
1007,ff34ceef-0597-4b3e-abb0-95faf96df93e,1
693,718bcd60-1797-491f-817c-e05572f82b53,1
268,21bd5fa6-7c23-4270-b87e-af04e419f079,10
649,85c0ac04-9f32-4996-8a0f-c98803bedbd7,1
302,1e23ced5-f640-4457-bf0b-643f46c758e1,3
747,718bcd60-1797-491f-817c-e05572f82b53,2
309,ff34ceef-0597-4b3e-abb0-95faf96df93e,1
457,21bd5fa6-7c23-4270-b87e-af04e419f079,6
374,ff34ceef-0597-4b3e-abb0-95faf96df93e,1
436,58efd4d9-0a5b-4f0c-9d5a-0dd7808ef575,4
432,ff34ceef-0597-4b3e-abb0-95faf96df93e,5
957,1e23ced5-f640-4457-bf0b-643f46c758e1,1
624,85c0ac04-9f32-4996-8a0f-c98803bedbd7,1
802,85c0ac04-9f32-4996-8a0f-c98803bedbd7,2
1401,718bcd60-1797-491f-817c-e05572f82b53,1
1150,ff34ceef-0597-4b3e-abb0-95faf96df93e,1
956,85c0ac04-9f32-4996-8a0f-c98803bedbd7,6
259,7d0a9262-cf64-4af1-a674-d4e8948d8122,1
1189,85c0ac04-9f32-4996-8a0f-c98803bedbd7,1
228,9c917322-9aa1-4788-ab7d-77e5d58b171e,6
628,58efd4d9-0a5b-4f0c-9d5a-0dd7808ef575,1
747,7d0a9262-cf64-4af1-a674-d4e8948d8122,4
854,7d0a9262-cf64-4af1-a674-d4e8948d8122,5
514,ff34ceef-0597-4b3e-abb0-95faf96df93e,1
439,58efd4d9-0a5b-4f0c-9d5a-0dd7808ef575,2
1033,58efd4d9-0a5b-4f0c-9d5a-0dd7808ef575,1
984,21bd5fa6-7c23-4270-b87e-af04e419f079,1
983,1e23ced5-f640-4457-bf0b-643f46c758e1,2
369,85c0ac04-9f32-4996-8a0f-c98803bedbd7,1
844,7d0a9262-cf64-4af1-a674-d4e8948d8122,4
709,718bcd60-1797-491f-817c-e05572f82b53,3
920,718bcd60-1797-491f-817c-e05572f82b53,2
382,21bd5fa6-7c23-4270-b87e-af04e419f079,1
610,21bd5fa6-7c23-4270-b87e-af04e419f079,2
665,85c0ac04-9f32-4996-8a0f-c98803bedbd7,2
923,7d0a9262-cf64-4af1-a674-d4e8948d8122,1
1100,58efd4d9-0a5b-4f0c-9d5a-0dd7808ef575,1
421,7d0a9262-cf64-4af1-a674-d4e8948d8122,3
347,7d0a9262-cf64-4af1-a674-d4e8948d8122,5
843,7d0a9262-cf64-4af1-a674-d4e8948d8122,1
469,718bcd60-1797-491f-817c-e05572f82b53,1
395,5bc7529f-715e-40df-8957-00d9331fbe24,2
244,718bcd60-1797-491f-817c-e05572f82b53,1
631,ff34ceef-0597-4b3e-abb0-95faf96df93e,1
532,58efd4d9-0a5b-4f0c-9d5a-0dd7808ef575,3
843,5bc7529f-715e-40df-8957-00d9331fbe24,1
511,5bc7529f-715e-40df-8957-00d9331fbe24,1
697,1e23ced5-f640-4457-bf0b-643f46c758e1,1
528,ff34ceef-0597-4b3e-abb0-95faf96df93e,1
832,718bcd60-1797-491f-817c-e05572f82b53,4
1068,85c0ac04-9f32-4996-8a0f-c98803bedbd7,1
757,718bcd60-1797-491f-817c-e05572f82b53,4
780,58efd4d9-0a5b-4f0c-9d5a-0dd7808ef575,2
936,58efd4d9-0a5b-4f0c-9d5a-0dd7808ef575,5
447,85c0ac04-9f32-4996-8a0f-c98803bedbd7,1
337,58efd4d9-0a5b-4f0c-9d5a-0dd7808ef575,1
436,718bcd60-1797-491f-817c-e05572f82b53,1
1191,7d0a9262-cf64-4af1-a674-d4e8948d8122,1
433,718bcd60-1797-491f-817c-e05572f82b53,4
565,85c0ac04-9f32-4996-8a0f-c98803bedbd7,4
957,58efd4d9-0a5b-4f0c-9d5a-0dd7808ef575,4
1056,7d0a9262-cf64-4af1-a674-d4e8948d8122,4
704,21bd5fa6-7c23-4270-b87e-af04e419f079,1
616,85c0ac04-9f32-4996-8a0f-c98803bedbd7,4
1390,ff34ceef-0597-4b3e-abb0-95faf96df93e,2
769,1e23ced5-f640-4457-bf0b-643f46c758e1,2
375,85c0ac04-9f32-4996-8a0f-c98803bedbd7,5
1147,21bd5fa6-7c23-4270-b87e-af04e419f079,1
869,7d0a9262-cf64-4af1-a674-d4e8948d8122,1
1041,718bcd60-1797-491f-817c-e05572f82b53,1
574,58efd4d9-0a5b-4f0c-9d5a-0dd7808ef575,3
1217,1e23ced5-f640-4457-bf0b-643f46c758e1,1
269,58efd4d9-0a5b-4f0c-9d5a-0dd7808ef575,1
1207,85c0ac04-9f32-4996-8a0f-c98803bedbd7,3
833,c18ba94a-998a-40c6-a3c6-71390cb3f67c,1
1378,85c0ac04-9f32-4996-8a0f-c98803bedbd7,2
1206,85c0ac04-9f32-4996-8a0f-c98803bedbd7,3
604,1e23ced5-f640-4457-bf0b-643f46c758e1,3
413,85c0ac04-9f32-4996-8a0f-c98803bedbd7,3
434,718bcd60-1797-491f-817c-e05572f82b53,4
957,718bcd60-1797-491f-817c-e05572f82b53,7
1217,21bd5fa6-7c23-4270-b87e-af04e419f079,1
1041,7d0a9262-cf64-4af1-a674-d4e8948d8122,1
1040,85c0ac04-9f32-4996-8a0f-c98803bedbd7,3
445,7d0a9262-cf64-4af1-a674-d4e8948d8122,2
949,58efd4d9-0a5b-4f0c-9d5a-0dd7808ef575,1
650,7d0a9262-cf64-4af1-a674-d4e8948d8122,1
1204,718bcd60-1797-491f-817c-e05572f82b53,3
623,1e23ced5-f640-4457-bf0b-643f46c758e1,2
528,85c0ac04-9f32-4996-8a0f-c98803bedbd7,2
781,c18ba94a-998a-40c6-a3c6-71390cb3f67c,1
941,718bcd60-1797-491f-817c-e05572f82b53,1
845,58efd4d9-0a5b-4f0c-9d5a-0dd7808ef575,2
420,718bcd60-1797-491f-817c-e05572f82b53,1
813,718bcd60-1797-491f-817c-e05572f82b53,18
1055,7d0a9262-cf64-4af1-a674-d4e8948d8122,4
426,21bd5fa6-7c23-4270-b87e-af04e419f079,2
379,1e23ced5-f640-4457-bf0b-643f46c758e1,2
1468,21bd5fa6-7c23-4270-b87e-af04e419f079,4
631,21bd5fa6-7c23-4270-b87e-af04e419f079,2
399,58efd4d9-0a5b-4f0c-9d5a-0dd7808ef575,1
1084,85c0ac04-9f32-4996-8a0f-c98803bedbd7,1
953,58efd4d9-0a5b-4f0c-9d5a-0dd7808ef575,1
948,1e23ced5-f640-4457-bf0b-643f46c758e1,1
749,ff34ceef-0597-4b3e-abb0-95faf96df93e,4
1477,1e23ced5-f640-4457-bf0b-643f46c758e1,1
833,1e23ced5-f640-4457-bf0b-643f46c758e1,8
166,718bcd60-1797-491f-817c-e05572f82b53,1
482,85c0ac04-9f32-4996-8a0f-c98803bedbd7,6
480,718bcd60-1797-491f-817c-e05572f82b53,2
1441,718bcd60-1797-491f-817c-e05572f82b53,4
651,85c0ac04-9f32-4996-8a0f-c98803bedbd7,2
317,718bcd60-1797-491f-817c-e05572f82b53,1
280,21bd5fa6-7c23-4270-b87e-af04e419f079,1
512,c18ba94a-998a-40c6-a3c6-71390cb3f67c,2
627,7d0a9262-cf64-4af1-a674-d4e8948d8122,1
768,1e23ced5-f640-4457-bf0b-643f46c758e1,7
868,85c0ac04-9f32-4996-8a0f-c98803bedbd7,1
1226,7d0a9262-cf64-4af1-a674-d4e8948d8122,1
770,718bcd60-1797-491f-817c-e05572f82b53,6
462,7d0a9262-cf64-4af1-a674-d4e8948d8122,3
956,1e23ced5-f640-4457-bf0b-643f46c758e1,1
852,ff34ceef-0597-4b3e-abb0-95faf96df93e,3
1222,081535ac-eb1c-4a37-879c-573fe6e82eaf,2
855,718bcd60-1797-491f-817c-e05572f82b53,3
413,21bd5fa6-7c23-4270-b87e-af04e419f079,1
357,85c0ac04-9f32-4996-8a0f-c98803bedbd7,1
813,1e23ced5-f640-4457-bf0b-643f46c758e1,6
567,718bcd60-1797-491f-817c-e05572f82b53,3
802,21bd5fa6-7c23-4270-b87e-af04e419f079,2
1055,ff34ceef-0597-4b3e-abb0-95faf96df93e,3
581,85c0ac04-9f32-4996-8a0f-c98803bedbd7,1
1005,c18ba94a-998a-40c6-a3c6-71390cb3f67c,1
1291,1e23ced5-f640-4457-bf0b-643f46c758e1,2
773,1e23ced5-f640-4457-bf0b-643f46c758e1,2
1265,ff34ceef-0597-4b3e-abb0-95faf96df93e,1
1068,718bcd60-1797-491f-817c-e05572f82b53,1
1146,21bd5fa6-7c23-4270-b87e-af04e419f079,2
1028,3a36f60e-49ee-496e-8e85-995918d55f4e,1
1182,85c0ac04-9f32-4996-8a0f-c98803bedbd7,3
746,718bcd60-1797-491f-817c-e05572f82b53,2
1153,718bcd60-1797-491f-817c-e05572f82b53,2
1390,718bcd60-1797-491f-817c-e05572f82b53,1
383,85c0ac04-9f32-4996-8a0f-c98803bedbd7,5
1011,21bd5fa6-7c23-4270-b87e-af04e419f079,2
510,85c0ac04-9f32-4996-8a0f-c98803bedbd7,1
292,58efd4d9-0a5b-4f0c-9d5a-0dd7808ef575,3
1209,718bcd60-1797-491f-817c-e05572f82b53,1
381,718bcd60-1797-491f-817c-e05572f82b53,2
843,85c0ac04-9f32-4996-8a0f-c98803bedbd7,1
1268,21bd5fa6-7c23-4270-b87e-af04e419f079,2
623,7d0a9262-cf64-4af1-a674-d4e8948d8122,4
760,85c0ac04-9f32-4996-8a0f-c98803bedbd7,2
462,1e23ced5-f640-4457-bf0b-643f46c758e1,2
1054,ff34ceef-0597-4b3e-abb0-95faf96df93e,2
624,c18ba94a-998a-40c6-a3c6-71390cb3f67c,1
482,21bd5fa6-7c23-4270-b87e-af04e419f079,1
301,ff34ceef-0597-4b3e-abb0-95faf96df93e,4
758,58efd4d9-0a5b-4f0c-9d5a-0dd7808ef575,1
1021,85c0ac04-9f32-4996-8a0f-c98803bedbd7,5
538,58efd4d9-0a5b-4f0c-9d5a-0dd7808ef575,1
580,3a36f60e-49ee-496e-8e85-995918d55f4e,1
443,718bcd60-1797-491f-817c-e05572f82b53,1
833,21bd5fa6-7c23-4270-b87e-af04e419f079,2
1248,85c0ac04-9f32-4996-8a0f-c98803bedbd7,4
1056,85c0ac04-9f32-4996-8a0f-c98803bedbd7,4
798,ff34ceef-0597-4b3e-abb0-95faf96df93e,1
439,ff34ceef-0597-4b3e-abb0-95faf96df93e,2
274,58efd4d9-0a5b-4f0c-9d5a-0dd7808ef575,1
259,1e23ced5-f640-4457-bf0b-643f46c758e1,1
653,7d0a9262-cf64-4af1-a674-d4e8948d8122,1
385,85c0ac04-9f32-4996-8a0f-c98803bedbd7,1
567,3a36f60e-49ee-496e-8e85-995918d55f4e,1
233,85c0ac04-9f32-4996-8a0f-c98803bedbd7,2
457,7d0a9262-cf64-4af1-a674-d4e8948d8122,12
1215,ff34ceef-0597-4b3e-abb0-95faf96df93e,3
1188,85c0ac04-9f32-4996-8a0f-c98803bedbd7,2
1468,718bcd60-1797-491f-817c-e05572f82b53,2
762,7d0a9262-cf64-4af1-a674-d4e8948d8122,2
250,7d0a9262-cf64-4af1-a674-d4e8948d8122,1
473,85c0ac04-9f32-4996-8a0f-c98803bedbd7,2
505,1e23ced5-f640-4457-bf0b-643f46c758e1,1
845,85c0ac04-9f32-4996-8a0f-c98803bedbd7,4
535,7d0a9262-cf64-4af1-a674-d4e8948d8122,2
920,85c0ac04-9f32-4996-8a0f-c98803bedbd7,2
414,58efd4d9-0a5b-4f0c-9d5a-0dd7808ef575,1
1361,7d0a9262-cf64-4af1-a674-d4e8948d8122,1
125,718bcd60-1797-491f-817c-e05572f82b53,1
285,7d0a9262-cf64-4af1-a674-d4e8948d8122,5
428,85c0ac04-9f32-4996-8a0f-c98803bedbd7,2
215,7d0a9262-cf64-4af1-a674-d4e8948d8122,1
296,7d0a9262-cf64-4af1-a674-d4e8948d8122,3
391,85c0ac04-9f32-4996-8a0f-c98803bedbd7,1
460,85c0ac04-9f32-4996-8a0f-c98803bedbd7,2
957,ff34ceef-0597-4b3e-abb0-95faf96df93e,3
1441,85c0ac04-9f32-4996-8a0f-c98803bedbd7,5
1156,5bc7529f-715e-40df-8957-00d9331fbe24,1
763,7d0a9262-cf64-4af1-a674-d4e8948d8122,2
577,21bd5fa6-7c23-4270-b87e-af04e419f079,1
799,7d0a9262-cf64-4af1-a674-d4e8948d8122,2
266,ff34ceef-0597-4b3e-abb0-95faf96df93e,1
338,7d0a9262-cf64-4af1-a674-d4e8948d8122,2
303,58efd4d9-0a5b-4f0c-9d5a-0dd7808ef575,1
539,58efd4d9-0a5b-4f0c-9d5a-0dd7808ef575,1
255,ff34ceef-0597-4b3e-abb0-95faf96df93e,1
990,7d0a9262-cf64-4af1-a674-d4e8948d8122,1
334,7d0a9262-cf64-4af1-a674-d4e8948d8122,19
496,718bcd60-1797-491f-817c-e05572f82b53,3
434,ff34ceef-0597-4b3e-abb0-95faf96df93e,3
280,7d0a9262-cf64-4af1-a674-d4e8948d8122,2
153,1e23ced5-f640-4457-bf0b-643f46c758e1,1
804,7d0a9262-cf64-4af1-a674-d4e8948d8122,3
680,85c0ac04-9f32-4996-8a0f-c98803bedbd7,1
272,ff34ceef-0597-4b3e-abb0-95faf96df93e,3
663,85c0ac04-9f32-4996-8a0f-c98803bedbd7,10
974,ff34ceef-0597-4b3e-abb0-95faf96df93e,1
948,21bd5fa6-7c23-4270-b87e-af04e419f079,1
1156,21bd5fa6-7c23-4270-b87e-af04e419f079,1
487,85c0ac04-9f32-4996-8a0f-c98803bedbd7,1
534,85c0ac04-9f32-4996-8a0f-c98803bedbd7,4
667,718bcd60-1797-491f-817c-e05572f82b53,1
382,58efd4d9-0a5b-4f0c-9d5a-0dd7808ef575,2
1441,58efd4d9-0a5b-4f0c-9d5a-0dd7808ef575,2
1121,ff34ceef-0597-4b3e-abb0-95faf96df93e,1
1085,21bd5fa6-7c23-4270-b87e-af04e419f079,2
534,7d0a9262-cf64-4af1-a674-d4e8948d8122,3
447,58efd4d9-0a5b-4f0c-9d5a-0dd7808ef575,1
153,ff34ceef-0597-4b3e-abb0-95faf96df93e,2
1130,718bcd60-1797-491f-817c-e05572f82b53,2
651,7d0a9262-cf64-4af1-a674-d4e8948d8122,2
778,7d0a9262-cf64-4af1-a674-d4e8948d8122,3
514,718bcd60-1797-491f-817c-e05572f82b53,2
623,85c0ac04-9f32-4996-8a0f-c98803bedbd7,4
225,85c0ac04-9f32-4996-8a0f-c98803bedbd7,11
774,1e23ced5-f640-4457-bf0b-643f46c758e1,2
855,7d0a9262-cf64-4af1-a674-d4e8948d8122,4
1084,7d0a9262-cf64-4af1-a674-d4e8948d8122,1
773,7d0a9262-cf64-4af1-a674-d4e8948d8122,2
335,7d0a9262-cf64-4af1-a674-d4e8948d8122,2
775,1e23ced5-f640-4457-bf0b-643f46c758e1,2
647,ff34ceef-0597-4b3e-abb0-95faf96df93e,3
825,7d0a9262-cf64-4af1-a674-d4e8948d8122,5
1250,58efd4d9-0a5b-4f0c-9d5a-0dd7808ef575,1
247,5bc7529f-715e-40df-8957-00d9331fbe24,5
774,7d0a9262-cf64-4af1-a674-d4e8948d8122,2
450,85c0ac04-9f32-4996-8a0f-c98803bedbd7,2
956,ff34ceef-0597-4b3e-abb0-95faf96df93e,5
1033,1e23ced5-f640-4457-bf0b-643f46c758e1,1
442,58efd4d9-0a5b-4f0c-9d5a-0dd7808ef575,3
833,718bcd60-1797-491f-817c-e05572f82b53,6
340,85c0ac04-9f32-4996-8a0f-c98803bedbd7,1
1349,7d0a9262-cf64-4af1-a674-d4e8948d8122,1
425,85c0ac04-9f32-4996-8a0f-c98803bedbd7,4
433,ff34ceef-0597-4b3e-abb0-95faf96df93e,6
1222,7d0a9262-cf64-4af1-a674-d4e8948d8122,2
687,ff34ceef-0597-4b3e-abb0-95faf96df93e,1
752,718bcd60-1797-491f-817c-e05572f82b53,4
934,7d0a9262-cf64-4af1-a674-d4e8948d8122,2
990,718bcd60-1797-491f-817c-e05572f82b53,1
665,ff34ceef-0597-4b3e-abb0-95faf96df93e,2
647,7d0a9262-cf64-4af1-a674-d4e8948d8122,1
1232,85c0ac04-9f32-4996-8a0f-c98803bedbd7,3
334,ff34ceef-0597-4b3e-abb0-95faf96df93e,14
501,85c0ac04-9f32-4996-8a0f-c98803bedbd7,1
963,718bcd60-1797-491f-817c-e05572f82b53,1
1110,85c0ac04-9f32-4996-8a0f-c98803bedbd7,1
1138,ff34ceef-0597-4b3e-abb0-95faf96df93e,3
764,1e23ced5-f640-4457-bf0b-643f46c758e1,4
946,7d0a9262-cf64-4af1-a674-d4e8948d8122,1
476,7d0a9262-cf64-4af1-a674-d4e8948d8122,2
350,718bcd60-1797-491f-817c-e05572f82b53,1
1190,58efd4d9-0a5b-4f0c-9d5a-0dd7808ef575,1
1054,718bcd60-1797-491f-817c-e05572f82b53,2
457,58efd4d9-0a5b-4f0c-9d5a-0dd7808ef575,1
454,58efd4d9-0a5b-4f0c-9d5a-0dd7808ef575,1
374,7d0a9262-cf64-4af1-a674-d4e8948d8122,1
385,1e23ced5-f640-4457-bf0b-643f46c758e1,1
298,21bd5fa6-7c23-4270-b87e-af04e419f079,1
1116,ff34ceef-0597-4b3e-abb0-95faf96df93e,4
1303,7d0a9262-cf64-4af1-a674-d4e8948d8122,8
803,7d0a9262-cf64-4af1-a674-d4e8948d8122,8
542,7d0a9262-cf64-4af1-a674-d4e8948d8122,4
507,7d0a9262-cf64-4af1-a674-d4e8948d8122,3
1140,ff34ceef-0597-4b3e-abb0-95faf96df93e,1
1116,718bcd60-1797-491f-817c-e05572f82b53,4
425,58efd4d9-0a5b-4f0c-9d5a-0dd7808ef575,2
572,1e23ced5-f640-4457-bf0b-643f46c758e1,1
460,ff34ceef-0597-4b3e-abb0-95faf96df93e,2
225,21bd5fa6-7c23-4270-b87e-af04e419f079,4
532,7d0a9262-cf64-4af1-a674-d4e8948d8122,3
450,718bcd60-1797-491f-817c-e05572f82b53,3
984,58efd4d9-0a5b-4f0c-9d5a-0dd7808ef575,1
1297,7d0a9262-cf64-4af1-a674-d4e8948d8122,1
539,7d0a9262-cf64-4af1-a674-d4e8948d8122,1
588,ff34ceef-0597-4b3e-abb0-95faf96df93e,1
1216,ff34ceef-0597-4b3e-abb0-95faf96df93e,15
281,7d0a9262-cf64-4af1-a674-d4e8948d8122,1
1471,21bd5fa6-7c23-4270-b87e-af04e419f079,2
319,5bc7529f-715e-40df-8957-00d9331fbe24,1
929,081535ac-eb1c-4a37-879c-573fe6e82eaf,1
664,ff34ceef-0597-4b3e-abb0-95faf96df93e,1
268,7d0a9262-cf64-4af1-a674-d4e8948d8122,18
451,21bd5fa6-7c23-4270-b87e-af04e419f079,1
1271,718bcd60-1797-491f-817c-e05572f82b53,1
1460,7d0a9262-cf64-4af1-a674-d4e8948d8122,2
1196,85c0ac04-9f32-4996-8a0f-c98803bedbd7,1
1258,718bcd60-1797-491f-817c-e05572f82b53,1
281,85c0ac04-9f32-4996-8a0f-c98803bedbd7,1
650,ff34ceef-0597-4b3e-abb0-95faf96df93e,1
1191,85c0ac04-9f32-4996-8a0f-c98803bedbd7,1
301,85c0ac04-9f32-4996-8a0f-c98803bedbd7,1
438,ff34ceef-0597-4b3e-abb0-95faf96df93e,2
336,718bcd60-1797-491f-817c-e05572f82b53,2
884,7d0a9262-cf64-4af1-a674-d4e8948d8122,1
876,58efd4d9-0a5b-4f0c-9d5a-0dd7808ef575,1
436,ff34ceef-0597-4b3e-abb0-95faf96df93e,4
398,718bcd60-1797-491f-817c-e05572f82b53,6
736,7d0a9262-cf64-4af1-a674-d4e8948d8122,5
549,718bcd60-1797-491f-817c-e05572f82b53,1
572,85c0ac04-9f32-4996-8a0f-c98803bedbd7,3
375,5bc7529f-715e-40df-8957-00d9331fbe24,1
955,21bd5fa6-7c23-4270-b87e-af04e419f079,1
385,718bcd60-1797-491f-817c-e05572f82b53,1
913,ff34ceef-0597-4b3e-abb0-95faf96df93e,1
272,718bcd60-1797-491f-817c-e05572f82b53,4
628,9c917322-9aa1-4788-ab7d-77e5d58b171e,3
549,7d0a9262-cf64-4af1-a674-d4e8948d8122,1
805,1e23ced5-f640-4457-bf0b-643f46c758e1,1
309,58efd4d9-0a5b-4f0c-9d5a-0dd7808ef575,1
429,ff34ceef-0597-4b3e-abb0-95faf96df93e,2
721,85c0ac04-9f32-4996-8a0f-c98803bedbd7,3
560,7d0a9262-cf64-4af1-a674-d4e8948d8122,2
302,718bcd60-1797-491f-817c-e05572f82b53,1
718,85c0ac04-9f32-4996-8a0f-c98803bedbd7,1
313,718bcd60-1797-491f-817c-e05572f82b53,2
614,7d0a9262-cf64-4af1-a674-d4e8948d8122,2
955,58efd4d9-0a5b-4f0c-9d5a-0dd7808ef575,1
145,718bcd60-1797-491f-817c-e05572f82b53,1
670,7d0a9262-cf64-4af1-a674-d4e8948d8122,2
781,85c0ac04-9f32-4996-8a0f-c98803bedbd7,2
424,7d0a9262-cf64-4af1-a674-d4e8948d8122,2
1373,7d0a9262-cf64-4af1-a674-d4e8948d8122,1
396,85c0ac04-9f32-4996-8a0f-c98803bedbd7,1
665,7d0a9262-cf64-4af1-a674-d4e8948d8122,4
409,7d0a9262-cf64-4af1-a674-d4e8948d8122,1
1156,3a36f60e-49ee-496e-8e85-995918d55f4e,1
442,7d0a9262-cf64-4af1-a674-d4e8948d8122,3
1288,7d0a9262-cf64-4af1-a674-d4e8948d8122,1
1404,7d0a9262-cf64-4af1-a674-d4e8948d8122,1
567,7d0a9262-cf64-4af1-a674-d4e8948d8122,8
771,718bcd60-1797-491f-817c-e05572f82b53,1
376,26588482-88c2-4cb5-b7c8-305120273980,3
243,7d0a9262-cf64-4af1-a674-d4e8948d8122,2
538,ff34ceef-0597-4b3e-abb0-95faf96df93e,1
751,ff34ceef-0597-4b3e-abb0-95faf96df93e,4
319,58efd4d9-0a5b-4f0c-9d5a-0dd7808ef575,8
1034,7d0a9262-cf64-4af1-a674-d4e8948d8122,3
852,58efd4d9-0a5b-4f0c-9d5a-0dd7808ef575,3
1206,58efd4d9-0a5b-4f0c-9d5a-0dd7808ef575,1
266,7d0a9262-cf64-4af1-a674-d4e8948d8122,1
608,ff34ceef-0597-4b3e-abb0-95faf96df93e,3
782,85c0ac04-9f32-4996-8a0f-c98803bedbd7,2
936,718bcd60-1797-491f-817c-e05572f82b53,2
383,718bcd60-1797-491f-817c-e05572f82b53,26
1351,1e23ced5-f640-4457-bf0b-643f46c758e1,1
322,0035d25e-7ca9-4862-8169-647a923b96df,1
628,098dc937-a359-44c8-a5a6-9383d68d06d1,3
312,7d0a9262-cf64-4af1-a674-d4e8948d8122,1
1204,85c0ac04-9f32-4996-8a0f-c98803bedbd7,3
1356,85c0ac04-9f32-4996-8a0f-c98803bedbd7,4
982,7d0a9262-cf64-4af1-a674-d4e8948d8122,1
547,85c0ac04-9f32-4996-8a0f-c98803bedbd7,1
479,c18ba94a-998a-40c6-a3c6-71390cb3f67c,1
1021,1e23ced5-f640-4457-bf0b-643f46c758e1,1
322,26588482-88c2-4cb5-b7c8-305120273980,1
1226,85c0ac04-9f32-4996-8a0f-c98803bedbd7,1
651,718bcd60-1797-491f-817c-e05572f82b53,2
1110,718bcd60-1797-491f-817c-e05572f82b53,1
753,718bcd60-1797-491f-817c-e05572f82b53,3
494,ff34ceef-0597-4b3e-abb0-95faf96df93e,1
385,7d0a9262-cf64-4af1-a674-d4e8948d8122,1
833,85c0ac04-9f32-4996-8a0f-c98803bedbd7,1
284,7d0a9262-cf64-4af1-a674-d4e8948d8122,1
646,21bd5fa6-7c23-4270-b87e-af04e419f079,1
972,7d0a9262-cf64-4af1-a674-d4e8948d8122,1
306,ff34ceef-0597-4b3e-abb0-95faf96df93e,1
225,1e23ced5-f640-4457-bf0b-643f46c758e1,10
341,85c0ac04-9f32-4996-8a0f-c98803bedbd7,1
273,7d0a9262-cf64-4af1-a674-d4e8948d8122,1
462,85c0ac04-9f32-4996-8a0f-c98803bedbd7,1
484,1e23ced5-f640-4457-bf0b-643f46c758e1,1
1005,718bcd60-1797-491f-817c-e05572f82b53,1
1207,21bd5fa6-7c23-4270-b87e-af04e419f079,3
268,3a36f60e-49ee-496e-8e85-995918d55f4e,1
1182,718bcd60-1797-491f-817c-e05572f82b53,3
443,58efd4d9-0a5b-4f0c-9d5a-0dd7808ef575,1
798,1e23ced5-f640-4457-bf0b-643f46c758e1,1
1247,21bd5fa6-7c23-4270-b87e-af04e419f079,1
1297,718bcd60-1797-491f-817c-e05572f82b53,1
510,718bcd60-1797-491f-817c-e05572f82b53,1
1034,85c0ac04-9f32-4996-8a0f-c98803bedbd7,3
450,7d0a9262-cf64-4af1-a674-d4e8948d8122,6
93,85c0ac04-9f32-4996-8a0f-c98803bedbd7,1
586,7d0a9262-cf64-4af1-a674-d4e8948d8122,1
1355,5bc7529f-715e-40df-8957-00d9331fbe24,1
406,7d0a9262-cf64-4af1-a674-d4e8948d8122,1
779,1e23ced5-f640-4457-bf0b-643f46c758e1,2
490,7d0a9262-cf64-4af1-a674-d4e8948d8122,1
646,718bcd60-1797-491f-817c-e05572f82b53,3
304,7d0a9262-cf64-4af1-a674-d4e8948d8122,1
317,7d0a9262-cf64-4af1-a674-d4e8948d8122,1
577,58efd4d9-0a5b-4f0c-9d5a-0dd7808ef575,2
512,5bc7529f-715e-40df-8957-00d9331fbe24,1
747,ff34ceef-0597-4b3e-abb0-95faf96df93e,1
694,7d0a9262-cf64-4af1-a674-d4e8948d8122,1
533,ff34ceef-0597-4b3e-abb0-95faf96df93e,1
946,85c0ac04-9f32-4996-8a0f-c98803bedbd7,1
424,85c0ac04-9f32-4996-8a0f-c98803bedbd7,2
1130,7d0a9262-cf64-4af1-a674-d4e8948d8122,2
755,85c0ac04-9f32-4996-8a0f-c98803bedbd7,5
948,58efd4d9-0a5b-4f0c-9d5a-0dd7808ef575,2
145,ff34ceef-0597-4b3e-abb0-95faf96df93e,1
533,718bcd60-1797-491f-817c-e05572f82b53,1
482,7d0a9262-cf64-4af1-a674-d4e8948d8122,6
419,718bcd60-1797-491f-817c-e05572f82b53,1
746,ff34ceef-0597-4b3e-abb0-95faf96df93e,6
526,ff34ceef-0597-4b3e-abb0-95faf96df93e,2
1011,718bcd60-1797-491f-817c-e05572f82b53,2
426,85c0ac04-9f32-4996-8a0f-c98803bedbd7,21
1392,1e23ced5-f640-4457-bf0b-643f46c758e1,1
543,58efd4d9-0a5b-4f0c-9d5a-0dd7808ef575,1
419,21bd5fa6-7c23-4270-b87e-af04e419f079,1
542,85c0ac04-9f32-4996-8a0f-c98803bedbd7,4
435,3a36f60e-49ee-496e-8e85-995918d55f4e,1
760,718bcd60-1797-491f-817c-e05572f82b53,3
1209,7d0a9262-cf64-4af1-a674-d4e8948d8122,1
339,58efd4d9-0a5b-4f0c-9d5a-0dd7808ef575,6
1208,718bcd60-1797-491f-817c-e05572f82b53,7
1392,85c0ac04-9f32-4996-8a0f-c98803bedbd7,1
1151,718bcd60-1797-491f-817c-e05572f82b53,1
1267,718bcd60-1797-491f-817c-e05572f82b53,1
420,7d0a9262-cf64-4af1-a674-d4e8948d8122,3
824,718bcd60-1797-491f-817c-e05572f82b53,2
1143,21bd5fa6-7c23-4270-b87e-af04e419f079,1
634,1e23ced5-f640-4457-bf0b-643f46c758e1,1
823,85c0ac04-9f32-4996-8a0f-c98803bedbd7,2
1418,85c0ac04-9f32-4996-8a0f-c98803bedbd7,1
265,85c0ac04-9f32-4996-8a0f-c98803bedbd7,1
432,7d0a9262-cf64-4af1-a674-d4e8948d8122,6
454,1e23ced5-f640-4457-bf0b-643f46c758e1,3
512,ff34ceef-0597-4b3e-abb0-95faf96df93e,1
612,85c0ac04-9f32-4996-8a0f-c98803bedbd7,1
923,1e23ced5-f640-4457-bf0b-643f46c758e1,1
1250,7d0a9262-cf64-4af1-a674-d4e8948d8122,2
1104,7d0a9262-cf64-4af1-a674-d4e8948d8122,1
765,7d0a9262-cf64-4af1-a674-d4e8948d8122,5
1008,21bd5fa6-7c23-4270-b87e-af04e419f079,1
656,718bcd60-1797-491f-817c-e05572f82b53,1
961,ff34ceef-0597-4b3e-abb0-95faf96df93e,4
1190,718bcd60-1797-491f-817c-e05572f82b53,6
495,58efd4d9-0a5b-4f0c-9d5a-0dd7808ef575,1
760,ff34ceef-0597-4b3e-abb0-95faf96df93e,1
693,7d0a9262-cf64-4af1-a674-d4e8948d8122,1
498,718bcd60-1797-491f-817c-e05572f82b53,1
955,ff34ceef-0597-4b3e-abb0-95faf96df93e,5
1153,7d0a9262-cf64-4af1-a674-d4e8948d8122,2
1258,7d0a9262-cf64-4af1-a674-d4e8948d8122,1
334,21bd5fa6-7c23-4270-b87e-af04e419f079,2
494,7d0a9262-cf64-4af1-a674-d4e8948d8122,2
728,718bcd60-1797-491f-817c-e05572f82b53,7
725,7d0a9262-cf64-4af1-a674-d4e8948d8122,1
488,7d0a9262-cf64-4af1-a674-d4e8948d8122,1
1194,5bc7529f-715e-40df-8957-00d9331fbe24,2
871,7d0a9262-cf64-4af1-a674-d4e8948d8122,1
338,ff34ceef-0597-4b3e-abb0-95faf96df93e,1
447,7d0a9262-cf64-4af1-a674-d4e8948d8122,1
1116,85c0ac04-9f32-4996-8a0f-c98803bedbd7,4
1229,718bcd60-1797-491f-817c-e05572f82b53,1
505,7d0a9262-cf64-4af1-a674-d4e8948d8122,3
268,718bcd60-1797-491f-817c-e05572f82b53,9
1206,718bcd60-1797-491f-817c-e05572f82b53,1
460,7d0a9262-cf64-4af1-a674-d4e8948d8122,4
395,718bcd60-1797-491f-817c-e05572f82b53,4
569,58efd4d9-0a5b-4f0c-9d5a-0dd7808ef575,2
616,58efd4d9-0a5b-4f0c-9d5a-0dd7808ef575,1
260,1e23ced5-f640-4457-bf0b-643f46c758e1,2
451,58efd4d9-0a5b-4f0c-9d5a-0dd7808ef575,1
903,85c0ac04-9f32-4996-8a0f-c98803bedbd7,1
760,3a36f60e-49ee-496e-8e85-995918d55f4e,1
1229,1e23ced5-f640-4457-bf0b-643f46c758e1,3
610,ff34ceef-0597-4b3e-abb0-95faf96df93e,1
380,58efd4d9-0a5b-4f0c-9d5a-0dd7808ef575,3
1225,43d85243-a808-4914-aaa6-55cf20a105e8,1
1182,7d0a9262-cf64-4af1-a674-d4e8948d8122,3
429,7d0a9262-cf64-4af1-a674-d4e8948d8122,2
757,85c0ac04-9f32-4996-8a0f-c98803bedbd7,4
285,718bcd60-1797-491f-817c-e05572f82b53,5
296,21bd5fa6-7c23-4270-b87e-af04e419f079,3
512,21bd5fa6-7c23-4270-b87e-af04e419f079,2
490,85c0ac04-9f32-4996-8a0f-c98803bedbd7,1
1378,58efd4d9-0a5b-4f0c-9d5a-0dd7808ef575,2
93,718bcd60-1797-491f-817c-e05572f82b53,1
1378,7d0a9262-cf64-4af1-a674-d4e8948d8122,2
356,ff34ceef-0597-4b3e-abb0-95faf96df93e,6
336,1e23ced5-f640-4457-bf0b-643f46c758e1,2
248,5bc7529f-715e-40df-8957-00d9331fbe24,1
408,7d0a9262-cf64-4af1-a674-d4e8948d8122,1
364,58efd4d9-0a5b-4f0c-9d5a-0dd7808ef575,1
936,21bd5fa6-7c23-4270-b87e-af04e419f079,2
125,85c0ac04-9f32-4996-8a0f-c98803bedbd7,1
367,1e23ced5-f640-4457-bf0b-643f46c758e1,3
442,1e23ced5-f640-4457-bf0b-643f46c758e1,3
432,58efd4d9-0a5b-4f0c-9d5a-0dd7808ef575,4
1382,7d0a9262-cf64-4af1-a674-d4e8948d8122,1
1132,718bcd60-1797-491f-817c-e05572f82b53,3
433,58efd4d9-0a5b-4f0c-9d5a-0dd7808ef575,1
770,7d0a9262-cf64-4af1-a674-d4e8948d8122,29
977,7d0a9262-cf64-4af1-a674-d4e8948d8122,1
948,ff34ceef-0597-4b3e-abb0-95faf96df93e,3
1131,ff34ceef-0597-4b3e-abb0-95faf96df93e,1
509,85c0ac04-9f32-4996-8a0f-c98803bedbd7,1
877,718bcd60-1797-491f-817c-e05572f82b53,4
535,ff34ceef-0597-4b3e-abb0-95faf96df93e,3
623,21bd5fa6-7c23-4270-b87e-af04e419f079,4
243,21bd5fa6-7c23-4270-b87e-af04e419f079,1
1216,7d0a9262-cf64-4af1-a674-d4e8948d8122,1
251,3a36f60e-49ee-496e-8e85-995918d55f4e,1
1268,3a36f60e-49ee-496e-8e85-995918d55f4e,1
984,718bcd60-1797-491f-817c-e05572f82b53,1
803,718bcd60-1797-491f-817c-e05572f82b53,7
1021,718bcd60-1797-491f-817c-e05572f82b53,1
432,718bcd60-1797-491f-817c-e05572f82b53,2
1390,7d0a9262-cf64-4af1-a674-d4e8948d8122,2
461,718bcd60-1797-491f-817c-e05572f82b53,5
825,1e23ced5-f640-4457-bf0b-643f46c758e1,1
301,7d0a9262-cf64-4af1-a674-d4e8948d8122,4
727,1e23ced5-f640-4457-bf0b-643f46c758e1,2
1356,3a36f60e-49ee-496e-8e85-995918d55f4e,4
364,718bcd60-1797-491f-817c-e05572f82b53,3
338,718bcd60-1797-491f-817c-e05572f82b53,2
1399,85c0ac04-9f32-4996-8a0f-c98803bedbd7,3
728,85c0ac04-9f32-4996-8a0f-c98803bedbd7,3
1290,7d0a9262-cf64-4af1-a674-d4e8948d8122,2
476,718bcd60-1797-491f-817c-e05572f82b53,2
249,3a36f60e-49ee-496e-8e85-995918d55f4e,2
1387,7d0a9262-cf64-4af1-a674-d4e8948d8122,2
1330,718bcd60-1797-491f-817c-e05572f82b53,1
1349,85c0ac04-9f32-4996-8a0f-c98803bedbd7,1
765,1e23ced5-f640-4457-bf0b-643f46c758e1,5
480,ff34ceef-0597-4b3e-abb0-95faf96df93e,2
259,58efd4d9-0a5b-4f0c-9d5a-0dd7808ef575,1
1267,ff34ceef-0597-4b3e-abb0-95faf96df93e,1
1140,58efd4d9-0a5b-4f0c-9d5a-0dd7808ef575,1
690,85c0ac04-9f32-4996-8a0f-c98803bedbd7,6
243,ff34ceef-0597-4b3e-abb0-95faf96df93e,1
850,081535ac-eb1c-4a37-879c-573fe6e82eaf,1
437,ff34ceef-0597-4b3e-abb0-95faf96df93e,1
398,85c0ac04-9f32-4996-8a0f-c98803bedbd7,6
374,21bd5fa6-7c23-4270-b87e-af04e419f079,1
1332,ff34ceef-0597-4b3e-abb0-95faf96df93e,3
169,ff34ceef-0597-4b3e-abb0-95faf96df93e,2
347,85c0ac04-9f32-4996-8a0f-c98803bedbd7,1
974,7d0a9262-cf64-4af1-a674-d4e8948d8122,1
1441,7d0a9262-cf64-4af1-a674-d4e8948d8122,5
490,718bcd60-1797-491f-817c-e05572f82b53,1
843,21bd5fa6-7c23-4270-b87e-af04e419f079,1
772,1e23ced5-f640-4457-bf0b-643f46c758e1,10
547,718bcd60-1797-491f-817c-e05572f82b53,1
974,718bcd60-1797-491f-817c-e05572f82b53,1
704,ff34ceef-0597-4b3e-abb0-95faf96df93e,1
445,85c0ac04-9f32-4996-8a0f-c98803bedbd7,1
653,85c0ac04-9f32-4996-8a0f-c98803bedbd7,1
396,7d0a9262-cf64-4af1-a674-d4e8948d8122,2
347,58efd4d9-0a5b-4f0c-9d5a-0dd7808ef575,1
225,718bcd60-1797-491f-817c-e05572f82b53,7
304,718bcd60-1797-491f-817c-e05572f82b53,1
244,7d0a9262-cf64-4af1-a674-d4e8948d8122,1
514,1e23ced5-f640-4457-bf0b-643f46c758e1,2
471,7d0a9262-cf64-4af1-a674-d4e8948d8122,2
627,718bcd60-1797-491f-817c-e05572f82b53,1
664,3a36f60e-49ee-496e-8e85-995918d55f4e,1
332,58efd4d9-0a5b-4f0c-9d5a-0dd7808ef575,2
1468,85c0ac04-9f32-4996-8a0f-c98803bedbd7,4
954,ff34ceef-0597-4b3e-abb0-95faf96df93e,2
384,7d0a9262-cf64-4af1-a674-d4e8948d8122,1
1303,1e23ced5-f640-4457-bf0b-643f46c758e1,8
447,718bcd60-1797-491f-817c-e05572f82b53,1
1291,7d0a9262-cf64-4af1-a674-d4e8948d8122,2
1161,85c0ac04-9f32-4996-8a0f-c98803bedbd7,2
1021,3a36f60e-49ee-496e-8e85-995918d55f4e,1
281,718bcd60-1797-491f-817c-e05572f82b53,1
279,85c0ac04-9f32-4996-8a0f-c98803bedbd7,3
773,718bcd60-1797-491f-817c-e05572f82b53,2
798,7d0a9262-cf64-4af1-a674-d4e8948d8122,1
1418,58efd4d9-0a5b-4f0c-9d5a-0dd7808ef575,3
476,081535ac-eb1c-4a37-879c-573fe6e82eaf,2
721,7d0a9262-cf64-4af1-a674-d4e8948d8122,3
434,7d0a9262-cf64-4af1-a674-d4e8948d8122,4
399,1e23ced5-f640-4457-bf0b-643f46c758e1,1
1361,58efd4d9-0a5b-4f0c-9d5a-0dd7808ef575,1
747,3a36f60e-49ee-496e-8e85-995918d55f4e,1
538,7d0a9262-cf64-4af1-a674-d4e8948d8122,2
260,58efd4d9-0a5b-4f0c-9d5a-0dd7808ef575,1
802,718bcd60-1797-491f-817c-e05572f82b53,2
528,21bd5fa6-7c23-4270-b87e-af04e419f079,2
434,85c0ac04-9f32-4996-8a0f-c98803bedbd7,4
1194,85c0ac04-9f32-4996-8a0f-c98803bedbd7,2
1053,3a36f60e-49ee-496e-8e85-995918d55f4e,1
851,ff34ceef-0597-4b3e-abb0-95faf96df93e,1
680,718bcd60-1797-491f-817c-e05572f82b53,1
414,7d0a9262-cf64-4af1-a674-d4e8948d8122,2
721,718bcd60-1797-491f-817c-e05572f82b53,3
519,718bcd60-1797-491f-817c-e05572f82b53,1
876,c18ba94a-998a-40c6-a3c6-71390cb3f67c,1
434,58efd4d9-0a5b-4f0c-9d5a-0dd7808ef575,1
759,1e23ced5-f640-4457-bf0b-643f46c758e1,1
712,85c0ac04-9f32-4996-8a0f-c98803bedbd7,3
990,58efd4d9-0a5b-4f0c-9d5a-0dd7808ef575,1
948,85c0ac04-9f32-4996-8a0f-c98803bedbd7,4
972,85c0ac04-9f32-4996-8a0f-c98803bedbd7,1
597,7d0a9262-cf64-4af1-a674-d4e8948d8122,1
801,ff34ceef-0597-4b3e-abb0-95faf96df93e,2
560,85c0ac04-9f32-4996-8a0f-c98803bedbd7,2
383,ff34ceef-0597-4b3e-abb0-95faf96df93e,5
356,7d0a9262-cf64-4af1-a674-d4e8948d8122,27